INSERT INTO `all__menu` (`menu_id`, `menu_group`, `tool`, `tool_section`, `action`, `parent_id`, `toolmode_id`, `variable`, `ordre`, `link`, `process`, `bin`, `read1`, `write1`) VALUES (70000, 'portfoli', 'portfoli', '', '', 0, 1, 'PORTFOLI_MENU_ROOT', 11, '70003', '', 0, ',1,3,2,', ',1,2,');
INSERT INTO `all__menu` (`menu_id`, `menu_group`, `tool`, `tool_section`, `action`, `parent_id`, `toolmode_id`, `variable`, `ordre`, `link`, `process`, `bin`, `read1`, `write1`) VALUES (70001, 'portfoli', 'portfoli', 'portfoli', '', 70000, 1, 'PORTFOLI_MENU_PORTFOLI', 0, '', '', 0, ',1,3,2,', ',1,2,');
INSERT INTO `all__menu` (`menu_id`, `menu_group`, `tool`, `tool_section`, `action`, `parent_id`, `toolmode_id`, `variable`, `ordre`, `link`, `process`, `bin`, `read1`, `write1`) VALUES (70002, 'portfoli', 'portfoli', 'portfoli', 'show_form_new', 70001, 1, 'PORTFOLI_MENU_PORTFOLI_NEW', 0, '', '', 0, ',1,3,2,', ',1,2,');
INSERT INTO `all__menu` (`menu_id`, `menu_group`, `tool`, `tool_section`, `action`, `parent_id`, `toolmode_id`, `variable`, `ordre`, `link`, `process`, `bin`, `read1`, `write1`) VALUES (70003, 'portfoli', 'portfoli', 'portfoli', 'list_records', 70001, 1, 'PORTFOLI_MENU_PORTFOLI_LIST', 1, '', '', 0, ',1,3,2,', ',1,2,');
INSERT INTO `all__menu` (`menu_id`, `menu_group`, `tool`, `tool_section`, `action`, `parent_id`, `toolmode_id`, `variable`, `ordre`, `link`, `process`, `bin`, `read1`, `write1`) VALUES (70004, 'portfoli', 'portfoli', 'portfoli', 'list_records_bin', 70001, 1, 'PORTFOLI_MENU_PORTFOLI_BIN', 2, '', '', 0, ',1,3,2,', ',1,2,');


INSERT INTO `all__menu` (`menu_id`, `menu_group`, `tool`, `tool_section`, `action`, `parent_id`, `toolmode_id`, `variable`, `ordre`, `link`, `process`, `bin`, `read1`, `write1`) VALUES (70005, 'portfoli', 'portfoli', 'category', '', 70000, 1, 'PORTFOLI_MENU_CATEGORY', 2, '', '', 0, ',1,', ',1,');
INSERT INTO `all__menu` (`menu_id`, `menu_group`, `tool`, `tool_section`, `action`, `parent_id`, `toolmode_id`, `variable`, `ordre`, `link`, `process`, `bin`, `read1`, `write1`) VALUES (70007, 'portfoli', 'portfoli', 'category', 'list_records', 70005, 1, 'PORTFOLI_MENU_CATEGORY_LIST', 2, '', '', 0, ',1,', ',1,');
INSERT INTO `all__menu` (`menu_id`, `menu_group`, `tool`, `tool_section`, `action`, `parent_id`, `toolmode_id`, `variable`, `ordre`, `link`, `process`, `bin`, `read1`, `write1`) VALUES (70006, 'portfoli', 'portfoli', 'category', 'show_form_new', 70005, 1, 'PORTFOLI_MENU_CATEGORY_NEW', 1, '', '', 0, ',1,', ',1,');


/*  






DEMO






*/
-- --------------------------------------------------------
-- Host:                         127.0.0.1
-- Versión del servidor:         5.0.51b-community-nt-log - MySQL Community Edition (GPL)
-- SO del servidor:              Win32
-- HeidiSQL Versión:             9.3.0.4984
-- --------------------------------------------------------

/*!40101 SET @OLD_CHARACTER_SET_CLIENT=@@CHARACTER_SET_CLIENT */;
/*!40101 SET NAMES utf8 */;
/*!40014 SET @OLD_FOREIGN_KEY_CHECKS=@@FOREIGN_KEY_CHECKS, FOREIGN_KEY_CHECKS=0 */;
/*!40101 SET @OLD_SQL_MODE=@@SQL_MODE, SQL_MODE='NO_AUTO_VALUE_ON_ZERO' */;

-- Volcando estructura para tabla bangolo.portfoli__category
CREATE TABLE IF NOT EXISTS `portfoli__category` (
  `category_id` int(11) NOT NULL auto_increment,
  `ordre` int(11) NOT NULL default '0',
  `blocked` tinyint(1) NOT NULL default '0',
  PRIMARY KEY  (`category_id`)
) ENGINE=MyISAM AUTO_INCREMENT=8 DEFAULT CHARSET=utf8 COLLATE=utf8_spanish2_ci;

-- Volcando datos para la tabla bangolo.portfoli__category: 7 rows
/*!40000 ALTER TABLE `portfoli__category` DISABLE KEYS */;
INSERT INTO `portfoli__category` (`category_id`, `ordre`, `blocked`) VALUES
	(1, 0, 0),
	(2, 0, 0),
	(3, 0, 0),
	(4, 0, 0),
	(5, 0, 0),
	(6, 0, 0),
	(7, 0, 0);
/*!40000 ALTER TABLE `portfoli__category` ENABLE KEYS */;


-- Volcando estructura para tabla bangolo.portfoli__category_language
CREATE TABLE IF NOT EXISTS `portfoli__category_language` (
  `category_id` int(11) NOT NULL default '0',
  `language` char(3) collate utf8_spanish2_ci NOT NULL,
  `category` varchar(100) collate utf8_spanish2_ci NOT NULL
) ENGINE=MyISAM DEFAULT CHARSET=utf8 COLLATE=utf8_spanish2_ci;

-- Volcando datos para la tabla bangolo.portfoli__category_language: 28 rows
/*!40000 ALTER TABLE `portfoli__category_language` DISABLE KEYS */;
INSERT INTO `portfoli__category_language` (`category_id`, `language`, `category`) VALUES
	(1, 'cat', 'Publicitat'),
	(1, 'spa', 'Publicidad'),
	(1, 'eng', ''),
	(1, 'fra', ''),
	(2, 'cat', 'Industrial'),
	(2, 'spa', 'Industrial'),
	(2, 'eng', ''),
	(2, 'fra', ''),
	(3, 'cat', 'Producte'),
	(3, 'spa', 'Producto'),
	(3, 'eng', ''),
	(3, 'fra', ''),
	(4, 'cat', 'Gastronomia'),
	(4, 'spa', 'Gastronomía'),
	(4, 'eng', ''),
	(4, 'fra', ''),
	(5, 'cat', 'Interiorisme'),
	(5, 'spa', 'Interiorismo'),
	(5, 'eng', ''),
	(5, 'fra', ''),
	(6, 'cat', 'Reportage'),
	(6, 'spa', 'Reportatge'),
	(6, 'eng', ''),
	(6, 'fra', ''),
	(7, 'cat', 'Espectacles'),
	(7, 'spa', 'Espectaculos'),
	(7, 'eng', ''),
	(7, 'fra', '');
/*!40000 ALTER TABLE `portfoli__category_language` ENABLE KEYS */;


-- Volcando estructura para tabla bangolo.portfoli__configadmin
CREATE TABLE IF NOT EXISTS `portfoli__configadmin` (
  `configadmin_id` int(11) NOT NULL auto_increment,
  `name` varchar(50) collate utf8_spanish2_ci NOT NULL default '',
  `value` varchar(255) collate utf8_spanish2_ci NOT NULL default '',
  `language` char(3) collate utf8_spanish2_ci NOT NULL default '',
  PRIMARY KEY  (`configadmin_id`)
) ENGINE=MyISAM AUTO_INCREMENT=20 DEFAULT CHARSET=utf8 COLLATE=utf8_spanish2_ci;

-- Volcando datos para la tabla bangolo.portfoli__configadmin: 19 rows
/*!40000 ALTER TABLE `portfoli__configadmin` DISABLE KEYS */;
INSERT INTO `portfoli__configadmin` (`configadmin_id`, `name`, `value`, `language`) VALUES
	(1, 'im_list_cols', '4', ''),
	(12, 'im_details_q', '80', ''),
	(11, 'im_thumb_q', '80', ''),
	(10, 'im_admin_thumb_h', '133', ''),
	(9, 'im_admin_thumb_w', '200', ''),
	(8, 'im_thumb_h', '', ''),
	(7, 'im_thumb_w', '480', ''),
	(6, 'im_details_h', '398', ''),
	(5, 'im_details_w', '', ''),
	(4, 'im_admin_thumb_q', '80', ''),
	(3, 'im_big_h', '', ''),
	(2, 'im_big_w', '978', ''),
	(13, 'im_medium_w', '978', ''),
	(14, 'im_medium_h', '', ''),
	(15, 'im_medium_q', '80', ''),
	(16, 'im_custom_ratios', '', ''),
	(17, 'override_gl_page_title', '2', ''),
	(18, 'destacat_max_results', '24', ''),
	(19, 'show_page_id', '0', '');
/*!40000 ALTER TABLE `portfoli__configadmin` ENABLE KEYS */;


-- Volcando estructura para tabla bangolo.portfoli__portfoli
CREATE TABLE IF NOT EXISTS `portfoli__portfoli` (
  `portfoli_id` int(11) NOT NULL auto_increment,
  `status` enum('prepare','review','public','archived') collate utf8_spanish2_ci NOT NULL,
  `url1` varchar(250) collate utf8_spanish2_ci NOT NULL,
  `url2` varchar(250) collate utf8_spanish2_ci NOT NULL,
  `ordre` int(11) NOT NULL,
  `modified` timestamp NOT NULL default '0000-00-00 00:00:00',
  `entered` timestamp NOT NULL default CURRENT_TIMESTAMP,
  `destacat` tinyint(1) NOT NULL,
  `bin` int(1) NOT NULL,
  `facebook_post_id` varchar(255) collate utf8_spanish2_ci NOT NULL default '',
  `facebook_image_id` varchar(255) collate utf8_spanish2_ci NOT NULL default '',
  `facebook_publish_id` varchar(255) collate utf8_spanish2_ci NOT NULL default '',
  `facebook_letnd_user_id` varchar(255) collate utf8_spanish2_ci NOT NULL default '',
  `facebook_user_id` text collate utf8_spanish2_ci NOT NULL,
  `twitter_status_id` varchar(255) collate utf8_spanish2_ci NOT NULL default '',
  `twitter_letnd_user_id` varchar(255) collate utf8_spanish2_ci NOT NULL default '',
  `twitter_user_id` text collate utf8_spanish2_ci NOT NULL,
  PRIMARY KEY  (`portfoli_id`)
) ENGINE=InnoDB AUTO_INCREMENT=75 DEFAULT CHARSET=utf8 COLLATE=utf8_spanish2_ci;

-- Volcando datos para la tabla bangolo.portfoli__portfoli: ~74 rows (aproximadamente)
/*!40000 ALTER TABLE `portfoli__portfoli` DISABLE KEYS */;
INSERT INTO `portfoli__portfoli` (`portfoli_id`, `status`, `url1`, `url2`, `ordre`, `modified`, `entered`, `destacat`, `bin`, `facebook_post_id`, `facebook_image_id`, `facebook_publish_id`, `facebook_letnd_user_id`, `facebook_user_id`, `twitter_status_id`, `twitter_letnd_user_id`, `twitter_user_id`) VALUES
	(1, 'public', 'http://sistema.mnactec.cat', '', 3100, '2014-11-21 09:55:34', '0000-00-00 00:00:00', 1, 0, '', '', '', '', '', '', '', ''),
	(2, 'public', 'http://www.mesquecosmetica.com', '', 5700, '2014-11-21 09:57:29', '0000-00-00 00:00:00', 1, 0, '', '', '', '', '', '', '', ''),
	(3, 'archived', '', '', 5000, '2014-11-21 09:56:31', '0000-00-00 00:00:00', 1, 0, '', '', '', '', '', '', '', ''),
	(4, 'public', 'http://www.kaskote.com', '', 6100, '2014-11-21 09:57:29', '0000-00-00 00:00:00', 1, 0, '', '', '', '', '', '', '', ''),
	(5, 'public', 'http://www.tyrecat.cat', '', 6600, '2014-11-21 09:57:29', '0000-00-00 00:00:00', 1, 0, '', '', '', '', '', '', '', ''),
	(6, 'public', 'http://www.fundacioaram.org', '', 6900, '2014-11-21 09:57:29', '0000-00-00 00:00:00', 1, 0, '', '', '', '', '', '', '', ''),
	(7, 'public', 'http://www.consultoriapv.com', '', 6000, '2014-11-21 09:57:29', '0000-00-00 00:00:00', 1, 0, '', '', '', '', '', '', '', ''),
	(8, 'public', 'http://www.nautamarine.com', '', 7000, '2014-11-21 09:57:29', '0000-00-00 00:00:00', 1, 0, '', '', '', '', '', '', '', ''),
	(9, 'public', 'http://www.tiendascopporo.com', '', 6300, '2014-11-21 09:57:29', '0000-00-00 00:00:00', 1, 0, '', '', '', '', '', '', '', ''),
	(10, 'public', 'http://www.mironauto.com', '', 5400, '2014-11-21 09:56:31', '0000-00-00 00:00:00', 1, 0, '', '', '', '', '', '', '', ''),
	(11, 'archived', 'http://www.nargesa.com', '', 10000, '2014-11-21 09:57:29', '0000-00-00 00:00:00', 1, 0, '', '', '', '', '', '', '', ''),
	(12, 'archived', 'http://www.isaacsibecas.com', '', 7100, '2014-11-21 09:57:29', '0000-00-00 00:00:00', 1, 0, '', '', '', '', '', '', '', ''),
	(13, 'review', 'http://www.agenciaportselva.com', '', 3200, '2014-11-21 09:55:34', '0000-00-00 00:00:00', 1, 0, '', '', '', '', '', '', '', ''),
	(14, 'public', 'http://www.acgamma.com', '', 6800, '2014-11-21 09:57:29', '0000-00-00 00:00:00', 1, 0, '', '', '', '', '', '', '', ''),
	(15, 'public', 'http://www.finquesgarrotxa.com', '', 5800, '2014-11-21 09:57:29', '0000-00-00 00:00:00', 1, 0, '', '', '', '', '', '', '', ''),
	(16, 'public', 'http://www.fincalacoromina.com', '', 7200, '2014-11-21 09:57:29', '0000-00-00 00:00:00', 1, 0, '', '', '', '', '', '', '', ''),
	(17, 'public', 'http://www.casailla.com', '', 7300, '2014-11-21 09:57:29', '0000-00-00 00:00:00', 1, 0, '', '', '', '', '', '', '', ''),
	(18, 'public', 'http://www.belle-property.com', '', 5900, '2014-11-21 09:57:29', '0000-00-00 00:00:00', 1, 0, '', '', '', '', '', '', '', ''),
	(19, 'public', 'http://www.claustresbesalu.com', '', 6700, '2014-11-21 09:57:29', '0000-00-00 00:00:00', 1, 0, '', '', '', '', '', '', '', ''),
	(20, 'public', 'http://www.amctaic.org', '', 5300, '2014-11-21 09:56:31', '0000-00-00 00:00:00', 1, 0, '', '', '', '', '', '', '', ''),
	(21, 'public', 'http://jep.mhcat.cat/formulariACM.php', '', 63500, '2014-11-21 09:57:29', '0000-00-00 00:00:00', 1, 0, '', '', '', '', '', '', '', ''),
	(22, 'archived', 'http://renovatscs.com/cat/regalo.html', '', 3400, '2014-11-21 09:55:34', '0000-00-00 00:00:00', 0, 0, '', '', '', '', '', '', '', ''),
	(23, 'archived', '', '', 22000, '2014-11-21 09:57:29', '0000-00-00 00:00:00', 0, 0, '', '', '', '', '', '', '', ''),
	(24, 'public', 'http://www.interfren.com', '', 5800, '2014-11-21 09:57:29', '0000-00-00 00:00:00', 0, 0, '', '', '', '', '', '', '', ''),
	(25, 'public', 'http://www.tecdeled.com', '', 5500, '2014-11-21 09:57:29', '0000-00-00 00:00:00', 0, 0, '', '', '', '', '', '', '', ''),
	(26, 'archived', 'http://www.sapli.com', '', 1700, '2014-11-21 09:55:34', '0000-00-00 00:00:00', 0, 0, '', '', '', '', '', '', '', ''),
	(27, 'public', 'http://www.tecnomix.es', '', 5600, '2014-11-21 09:57:29', '0000-00-00 00:00:00', 0, 0, '', '', '', '', '', '', '', ''),
	(28, 'public', 'http://clink.unizar.es', '', 5500, '2014-11-21 09:56:31', '0000-00-00 00:00:00', 0, 0, '', '', '', '', '', '', '', ''),
	(29, 'public', 'http://www.valldellemena.cat', '', 1680, '2014-11-21 09:55:34', '0000-00-00 00:00:00', 0, 0, '', '', '', '', '', '', '', ''),
	(30, 'public', 'http://www.balikupukupu.com', '', 5200, '2014-11-21 09:56:31', '0000-00-00 00:00:00', 0, 0, '', '', '', '', '', '', '', ''),
	(31, 'public', 'http://www.canbayre.com', '', 6900, '2014-11-21 09:57:29', '0000-00-00 00:00:00', 0, 0, '', '', '', '', '', '', '', ''),
	(32, 'public', 'http://www.fillsbatlle.com', '', 5400, '2014-11-21 09:56:31', '0000-00-00 00:00:00', 0, 0, '', '', '', '', '', '', '', ''),
	(33, 'archived', '', '', 1300, '2014-10-30 11:16:45', '0000-00-00 00:00:00', 1, 1, '', '', '', '', '', '', '', ''),
	(34, 'public', 'http://www.aramgava.com', '', 5000, '2014-11-21 09:56:31', '0000-00-00 00:00:00', 0, 0, '', '', '', '', '', '', '', ''),
	(35, 'public', 'http://www.canmahola-turismerural.com', '', 4900, '2014-11-21 09:56:31', '0000-00-00 00:00:00', 0, 0, '', '', '', '', '', '', '', ''),
	(36, 'public', 'http://www.clubmotoshop.com', '', 4670, '2014-11-21 09:56:31', '0000-00-00 00:00:00', 0, 0, '', '', '', '', '', '', '', ''),
	(37, 'public', 'http://mmp-capellades.net', '', 4660, '2014-11-21 09:56:31', '0000-00-00 00:00:00', 0, 0, '', '', '', '', '', '', '', ''),
	(38, 'public', 'http://www.josepcolom.com', '', 5600, '2014-11-21 09:57:29', '0000-00-00 00:00:00', 0, 0, '', '', '', '', '', '', '', ''),
	(39, 'public', 'http://www.elracodelavia.com', '', 4720, '2014-11-21 09:56:31', '0000-00-00 00:00:00', 0, 0, '', '', '', '', '', '', '', ''),
	(40, 'public', 'http://www.giomoda.com', '', 4700, '2014-11-21 09:56:31', '0000-00-00 00:00:00', 0, 0, '', '', '', '', '', '', '', ''),
	(41, 'public', 'http://www.tuamigoenchiangmai.com', '', 4750, '2014-11-21 09:56:31', '0000-00-00 00:00:00', 0, 0, '', '', '', '', '', '', '', ''),
	(42, 'public', 'http:///www.masquetusombra.com', '', 4800, '2014-11-21 09:56:31', '0000-00-00 00:00:00', 0, 0, '', '', '', '', '', '', '', ''),
	(43, 'public', 'http://www.emtecgirona.com', '', 5200, '2014-11-21 09:56:31', '0000-00-00 00:00:00', 0, 0, '', '', '', '', '', '', '', ''),
	(44, 'public', 'http://www.apigirona.com', '', 2650, '2014-11-21 09:55:34', '0000-00-00 00:00:00', 0, 0, '', '', '', '', '', '', '', ''),
	(45, 'public', 'http://www.mascalaflora.com', '', 6000, '2014-11-21 09:57:29', '0000-00-00 00:00:00', 0, 0, '', '', '', '', '', '', '', ''),
	(46, 'public', 'http://www.lacistelladelavia.com', '', 5100, '2014-11-21 09:56:31', '0000-00-00 00:00:00', 0, 0, '', '', '', '', '', '', '', ''),
	(47, 'public', 'http://www.centrecapilar.com', '', 4670, '2014-11-21 09:56:31', '0000-00-00 00:00:00', 0, 0, '', '', '', '', '', '', '', ''),
	(48, 'public', 'http://www.moblesgrau.com', '', 2620, '2014-11-21 09:55:34', '0000-00-00 00:00:00', 1, 0, '', '', '', '', '', '', '', ''),
	(49, 'public', 'http://www.plagesport.com', '', 2640, '2014-11-21 09:55:34', '0000-00-00 00:00:00', 0, 0, '', '', '', '', '', '', '', ''),
	(50, 'public', 'http://www.agromercader.com', '', 3000, '2014-11-21 09:55:34', '0000-00-00 00:00:00', 0, 0, '', '', '', '', '', '', '', ''),
	(51, 'public', 'http://www.newgrass.es', '', 3601, '2014-11-21 09:55:34', '0000-00-00 00:00:00', 0, 0, '', '', '', '', '', '', '', ''),
	(52, 'public', 'http://www.betonisart.com', '', 2000, '2014-11-21 09:55:34', '0000-00-00 00:00:00', 0, 0, '', '', '', '', '', '', '', ''),
	(53, 'public', 'http://www.seasolutions.es', '', 1750, '2014-11-21 09:55:34', '0000-00-00 00:00:00', 0, 0, '', '', '', '', '', '', '', ''),
	(54, 'public', 'http://www.dieselcatalonia.com', '', 4690, '2014-11-21 09:56:31', '0000-00-00 00:00:00', 0, 0, '', '', '', '', '', '', '', ''),
	(55, 'public', 'http://www.cosmeticsblueage.com', '', 1800, '2014-11-21 09:55:34', '0000-00-00 00:00:00', 0, 0, '', '', '', '', '', '', '', ''),
	(56, 'public', 'http://www.aixequempersianes.cat', '', 1850, '2014-11-21 09:55:34', '0000-00-00 00:00:00', 1, 0, '', '', '', '', '', '', '', ''),
	(57, 'public', 'http://www.atot.cat', '', 4694, '2014-11-21 09:56:31', '0000-00-00 00:00:00', 0, 0, '', '', '', '', '', '', '', ''),
	(58, 'public', 'http://www.empuriaimmo.com', '', 4692, '2014-11-21 09:56:31', '0000-00-00 00:00:00', 0, 0, '', '', '', '', '', '', '', ''),
	(59, 'public', 'http://www.saharaparatodos.com', '', 2630, '2014-11-21 09:55:34', '0000-00-00 00:00:00', 0, 0, '', '', '', '', '', '', '', ''),
	(60, 'public', 'http://www.fusteriasaubi.com', '', 4685, '2014-11-21 09:56:31', '0000-00-00 00:00:00', 0, 0, '', '', '', '', '', '', '', ''),
	(61, 'public', 'http://www.yeslescala.com', '', 1700, '2014-11-21 09:55:34', '0000-00-00 00:00:00', 1, 0, '', '', '', '', '', '', '', ''),
	(62, 'public', 'http://www.can-genis.com', '', 2649, '2014-11-21 09:55:34', '0000-00-00 00:00:00', 0, 0, '', '', '', '', '', '', '', ''),
	(63, 'public', 'http://www.bravahomestanding.com', '', 1669, '2014-11-21 09:55:34', '0000-00-00 00:00:00', 0, 0, '', '', '', '', '', '', '', ''),
	(64, 'public', 'http://www.canmarc.cat', '', 1684, '2014-11-21 09:55:34', '0000-00-00 00:00:00', 0, 0, '', '', '', '', '', '', '', ''),
	(65, 'public', 'http://www.netejaillar.com', '', 4683, '2014-11-21 09:56:31', '0000-00-00 00:00:00', 0, 0, '', '', '', '', '', '', '', ''),
	(66, 'public', 'http://www.cardiogirona.es', '', 3684, '2014-11-21 09:56:31', '0000-00-00 00:00:00', 0, 0, '', '', '', '', '', '', '', ''),
	(67, 'public', 'http://www.blunikracing.com', '', 4651, '2014-11-21 09:56:31', '0000-00-00 00:00:00', 0, 0, '', '', '', '', '', '', '', ''),
	(68, 'public', 'http://www.magnoliadeplata.com', '', 4719, '2014-11-21 09:56:31', '0000-00-00 00:00:00', 0, 0, '', '', '', '', '', '', '', ''),
	(69, 'public', 'http://www.homeselectspain.com', '', 2668, '2014-11-21 09:55:34', '0000-00-00 00:00:00', 1, 0, '', '', '', '', '', '', '', ''),
	(70, 'public', 'http://www.vistarosesmar.com', '', 1695, '2014-11-21 09:55:34', '0000-00-00 00:00:00', 0, 0, '', '', '', '', '', '', '', ''),
	(71, 'public', '', '', 2645, '2014-11-21 09:55:34', '0000-00-00 00:00:00', 0, 0, '', '', '', '', '', '', '', ''),
	(72, 'public', '', '', 1900, '2014-11-21 09:55:34', '0000-00-00 00:00:00', 1, 0, '', '', '', '', '', '', '', ''),
	(73, 'public', '', '', 2675, '2014-11-21 09:55:34', '0000-00-00 00:00:00', 0, 0, '', '', '', '', '', '', '', ''),
	(74, 'prepare', '', '', 397, '2014-11-21 09:55:34', '0000-00-00 00:00:00', 0, 1, '', '', '', '', '', '', '', '');
/*!40000 ALTER TABLE `portfoli__portfoli` ENABLE KEYS */;


-- Volcando estructura para tabla bangolo.portfoli__portfoli_image
CREATE TABLE IF NOT EXISTS `portfoli__portfoli_image` (
  `image_id` int(11) NOT NULL auto_increment,
  `portfoli_id` int(11) NOT NULL,
  `imagecat_id` int(11) NOT NULL default '1',
  `name` varchar(100) collate utf8_spanish2_ci NOT NULL,
  `size` int(11) NOT NULL,
  `ordre` int(11) NOT NULL,
  `main_image` int(1) NOT NULL,
  PRIMARY KEY  (`image_id`)
) ENGINE=InnoDB AUTO_INCREMENT=288 DEFAULT CHARSET=utf8 COLLATE=utf8_spanish2_ci;

-- Volcando datos para la tabla bangolo.portfoli__portfoli_image: ~210 rows (aproximadamente)
/*!40000 ALTER TABLE `portfoli__portfoli_image` DISABLE KEYS */;
INSERT INTO `portfoli__portfoli_image` (`image_id`, `portfoli_id`, `imagecat_id`, `name`, `size`, `ordre`, `main_image`) VALUES
	(6, 3, 1, 'sumo.jpg', 98304, 0, 0),
	(14, 11, 1, 'nargesa.jpg', 49152, 0, 0),
	(15, 12, 1, 'issac.jpg', 53248, 0, 0),
	(25, 22, 1, 'captura-renovats.jpg', 42745, 0, 0),
	(26, 23, 1, 'promotora600.jpg', 79797, 0, 0),
	(29, 26, 1, 'sapli.jpg', 69587, 0, 0),
	(36, 33, 1, 'moonbijoux.jpg', 55259, 0, 0),
	(71, 56, 1, 'macro.png', 26471, 3, 0),
	(72, 56, 1, 'FITXA-PORTFOLI.png', 148354, 4, 0),
	(73, 56, 1, 'LLISTAT-PORTFOLI.png', 133368, 5, 1),
	(76, 55, 1, 'FITXA-blueage.jpeg', 427453, 0, 0),
	(77, 55, 1, 'LLISTAT-blueage.jpg', 134904, 1, 1),
	(78, 55, 1, 'macro-blueage.jpg', 47222, 2, 0),
	(79, 50, 1, 'macro-agromercader.jpg', 71551, 0, 0),
	(80, 50, 1, 'FITXA-agromercader.jpg', 402244, 1, 0),
	(81, 50, 1, 'LLISTAT-agromercader.jpg', 271565, 2, 1),
	(82, 53, 1, 'FITXA-PORTFOLI-seasolutions.jpg', 392307, 0, 0),
	(83, 53, 1, 'LLISTAT-PORTFOLI-seasolutions.jpg', 272417, 1, 1),
	(84, 53, 1, 'macro-seasolutions.jpg', 69625, 2, 0),
	(85, 52, 1, 'FITXA-PORTFOLI-betonisart.jpg', 309432, 1, 0),
	(86, 52, 1, 'LLISTAT-PORTFOLI-betonisart.jpg', 274605, 2, 1),
	(88, 51, 1, 'FITXA-PORTFOLI-newgrass.jpg', 417112, 0, 0),
	(89, 51, 1, 'LLISTAT-PORTFOLI-newgrass.jpg', 261090, 1, 1),
	(90, 51, 1, 'macro-newgrass.jpg', 76888, 2, 0),
	(91, 48, 1, 'FITXA-PORTFOLI-mobles-grau.jpg', 204108, 0, 0),
	(92, 48, 1, 'LLISTAT-PORTFOLI-mobles-grau.jpg', 174910, 1, 1),
	(93, 48, 1, 'macromobles-grau.jpg', 43398, 2, 0),
	(94, 59, 1, 'FITXA-PORTFOLI-sahara.jpg', 485138, 0, 0),
	(95, 59, 1, 'LLISTAT-PORTFOLI-sahara.jpg', 349493, 1, 1),
	(96, 59, 1, 'macromobles-sahara.jpg', 158787, 2, 0),
	(100, 49, 1, 'macromobles-plagesport.jpg', 124302, 0, 0),
	(101, 49, 1, 'FITXA-PORTFOLI-plagesport.jpg', 607034, 1, 0),
	(102, 49, 1, 'LLISTAT-PORTFOLI-plagesport.jpg', 492311, 2, 1),
	(103, 52, 1, 'macro-betonisart.jpg', 75226, 3, 0),
	(104, 44, 1, 'FITXA-PORTFOLI-api.jpg', 448299, 1, 0),
	(105, 44, 1, 'LLISTAT-PORTFOLI-api.jpg', 377139, 2, 1),
	(106, 44, 1, 'macro-api.jpg', 84904, 3, 0),
	(107, 37, 1, 'LLISTAT-PORTFOLI-museu-moli-paperer.jpg', 390047, 0, 1),
	(108, 37, 1, 'FITXA-PORTFOLI-museu-moli-paperer.jpg', 460290, 1, 0),
	(109, 37, 1, 'macro-museu-moli-paperer.jpg', 112179, 2, 0),
	(110, 47, 1, 'FITXA-PORTFOLI-centre-capilar.jpg', 332745, 0, 0),
	(111, 47, 1, 'macro-centre-capilar.jpg', 66919, 1, 0),
	(112, 47, 1, 'LLISTAT-PORTFOLI-centre-capilar.jpg', 296344, 2, 1),
	(116, 29, 1, 'macro-vall-de-llemena.jpg', 145969, 0, 0),
	(117, 29, 1, 'LLISTAT-PORTFOLI-vall-de-llemena.jpg', 641904, 1, 1),
	(118, 29, 1, 'FITXA-PORTFOLI-vall-de-llemena.jpg', 765826, 2, 0),
	(119, 54, 1, 'macro-diesel-catalonia.jpg', 116466, 0, 0),
	(120, 54, 1, 'LLISTAT-PORTFOLI-diesel-catalonia.jpg', 579583, 1, 1),
	(121, 54, 1, 'FITXA-PORTFOLI-diesel-catalonia.jpg', 712257, 2, 0),
	(122, 58, 1, 'FITXA-PORTFOLI-empuriaimmo.jpg', 778074, 0, 0),
	(123, 58, 1, 'macro-empuriaimmo.jpg', 173476, 1, 0),
	(124, 58, 1, 'LLISTAT-PORTFOLI-empuriaimmo.jpg', 592941, 2, 1),
	(125, 57, 1, 'LLISTAT-PORTFOLIatot.jpg', 428551, 0, 1),
	(126, 57, 1, 'macro-atot.jpg', 107979, 1, 0),
	(127, 57, 1, 'FITXA-PORTFOLI-atot.jpg', 534367, 2, 0),
	(128, 40, 1, 'macro-giomoda.jpg', 82437, 0, 0),
	(129, 40, 1, 'LLISTAT-PORTFOLI-giomoda.jpg', 470627, 1, 1),
	(130, 40, 1, 'FITXA-PORTFOLI-giomoda.jpg', 566280, 2, 0),
	(131, 39, 1, 'FITXA-PORTFOLI-el-raco-de-l\'avia.jpg', 700963, 1, 0),
	(132, 39, 1, 'LLISTAT-PORTFOLI-el-raco-de-lavia.jpg', 546237, 2, 1),
	(133, 39, 1, 'macro-el-raco-de-l\'avia.jpg', 144932, 3, 0),
	(134, 41, 1, 'FITXA-PORTFOLI-tuamigoenchiangmai.jpg', 708794, 0, 0),
	(135, 41, 1, 'LLISTAT-PORTFOLI-tuamigoenchiangmai.jpg', 548560, 1, 1),
	(136, 41, 1, 'macrotuamigoenchiangmai.jpg', 201607, 2, 0),
	(137, 42, 1, 'FITXA-PORTFOLI-masquetusombra.jpg', 523326, 0, 0),
	(138, 42, 1, 'LLISTAT-PORTFOLI-masquetusombra.jpg', 443531, 1, 1),
	(139, 42, 1, 'macro-masquetusombra.jpg', 110426, 2, 0),
	(140, 35, 1, 'FITXA-PORTFOLI-can-mahola.jpg', 910769, 1, 0),
	(141, 35, 1, 'LLISTAT-PORTFOLI-can-mahola.jpg', 566330, 2, 1),
	(142, 35, 1, 'macro-can-mahola.jpg', 195814, 3, 0),
	(143, 36, 1, 'FITXA-PORTFOL-motoshop.jpg', 565065, 0, 0),
	(144, 36, 1, 'LLISTAT-PORTFOLI-motoshop.jpg', 500071, 1, 1),
	(145, 36, 1, 'macromotoshop.jpg', 125008, 2, 0),
	(146, 34, 1, 'FITXA-aram-gava.jpg', 612357, 0, 0),
	(147, 34, 1, 'LLISTAT-PORTFOLI-aram-gava.jpg', 527440, 1, 1),
	(148, 34, 1, 'macro-aram-gava.jpg', 142987, 2, 0),
	(150, 46, 1, 'FITXA-PORTFOLI-la-cistella.jpg', 619932, 1, 0),
	(151, 46, 1, 'LLISTAT-PORTFOLI-la-cistella.jpg', 554024, 2, 0),
	(152, 46, 1, 'LLISTAT-PORTFOLI-la-cistella.jpg', 526802, 3, 1),
	(153, 43, 1, 'FITXA-PORTFOLI-Emtec.jpg', 534884, 0, 0),
	(154, 43, 1, 'LLISTAT-PORTFOLI-Emtec.jpg', 350496, 1, 1),
	(155, 43, 1, 'macro-Emtec.jpg', 70472, 2, 0),
	(156, 32, 1, 'FITXA-PORTFOLI-Fills-Batlle.jpg', 844638, 0, 0),
	(157, 32, 1, 'LLISTAT-PORTFOLI-Fills-Batlle.jpg', 734434, 1, 1),
	(158, 32, 1, 'macro-Fills-Batlle.jpg', 152956, 2, 0),
	(159, 28, 1, 'LLISTAT-PORTFOLI-Clink.jpg', 614065, 0, 1),
	(160, 28, 1, 'macro-Clink.jpg', 191687, 1, 0),
	(161, 28, 1, 'FITXA-PORTFOLI-Clink.jpg', 623397, 2, 0),
	(162, 27, 1, 'macro-tecnomix.jpg', 107670, 0, 0),
	(163, 27, 1, 'FITXA-PORTFOLItecnomix.jpg', 614935, 1, 0),
	(164, 27, 1, 'LLISTAT-PORTFOLI-tecnomix.jpg', 528822, 2, 1),
	(165, 24, 1, 'FITXA-PORTFOLI-interfren.jpg', 449359, 0, 0),
	(166, 24, 1, 'macro-interfren.jpg', 104086, 1, 0),
	(167, 24, 1, 'LLISTAT-PORTFOLI-interfren.jpg', 343790, 2, 1),
	(168, 18, 1, 'FITXA-PORTFOLI-belle-property.jpg', 602665, 0, 0),
	(169, 18, 1, 'macro-belle-property.jpg', 116101, 1, 0),
	(171, 45, 1, 'macro-Ca-la-Flora.jpg', 157789, 0, 0),
	(172, 45, 1, 'FITXA-PORTFOLI-Ca-la-Flora.jpg', 646957, 1, 0),
	(173, 45, 1, 'LLISTAT-PORTFOLI-Ca-la-flora.jpg', 542927, 2, 1),
	(174, 1, 1, 'macro-mnactec.jpg', 142744, 0, 0),
	(175, 1, 1, 'LLISTAT-PORTFOLI-mnactec.jpg', 681323, 1, 1),
	(176, 1, 1, 'FITXA-PORTFOLI-mnactec.jpg', 812133, 2, 0),
	(177, 30, 1, 'LLISTAT-PORTFOLI-balikupuku.jpg', 374242, 0, 1),
	(178, 30, 1, 'FITXA-PORTFOLIbalikupuku.jpg', 437118, 1, 0),
	(179, 30, 1, 'macro-balikupuku.jpg', 111685, 2, 0),
	(180, 20, 1, 'macro-amctaic.jpg', 114477, 0, 0),
	(181, 20, 1, 'FITXA-PORTFOLI-amctaic.jpg', 610232, 1, 0),
	(182, 20, 1, 'LLISTAT-PORTFOLI-amctaic.jpg', 559331, 2, 1),
	(183, 10, 1, 'FITXA-PORTFOLI-mironauto.jpg', 431928, 0, 0),
	(184, 10, 1, 'macro-mironauto.jpg', 139259, 1, 0),
	(185, 10, 1, 'LLISTAT-PORTFOLI-mironauto.jpg', 453011, 2, 1),
	(186, 25, 1, 'FITXA-PORTFOLItecdeled.jpg', 426668, 0, 0),
	(187, 25, 1, 'LLISTAT-PORTFOLItecdeled.jpg', 413887, 1, 1),
	(188, 25, 1, 'macrotecdeled.jpg', 88608, 2, 0),
	(189, 38, 1, 'LLISTAT-PORTFOLI-colom.jpg', 488533, 0, 1),
	(190, 38, 1, 'macrocolom.jpg', 93638, 1, 0),
	(191, 38, 1, 'FITXA-PORTFOLI-colom.jpg', 502486, 2, 0),
	(192, 2, 1, 'LLISTAT-PORTFOLI-mesquecosmetica.jpg', 437692, 0, 1),
	(193, 2, 1, 'macro-mesquecosmetica.jpg', 112637, 1, 0),
	(194, 2, 1, 'FITXA-PORTFOLI-mesquecosmetica.jpg', 448866, 2, 0),
	(195, 15, 1, 'LLISTAT-PORTFOLI-finques-garrotxa.jpg', 430612, 0, 1),
	(196, 15, 1, 'macro-finques-garrotxa.jpg', 105889, 1, 0),
	(197, 15, 1, 'FITXA-PORTFOLI-finques-garrotxa.jpg', 532995, 2, 0),
	(198, 31, 1, 'FITXA-PORTFOLIcanbayre.jpg', 542495, 0, 0),
	(199, 31, 1, 'LLISTAT-PORTFOLIcanbayre.jpg', 380684, 1, 1),
	(200, 31, 1, 'macrocanbayre.jpg', 137138, 2, 0),
	(201, 7, 1, 'FITXA-PORTFOLI-consultoria-pv.jpg', 463615, 0, 0),
	(202, 7, 1, 'LLISTAT-PORTFOLI-consultoria-pv.jpg', 433545, 1, 1),
	(203, 7, 1, 'macro-consultoria-pv.jpg', 103414, 2, 0),
	(204, 4, 1, 'FITXA-PORTFOLI-kaskote.jpg', 614010, 0, 0),
	(205, 4, 1, 'LLISTAT-PORTFOLI-kaskote.jpg', 416109, 1, 1),
	(206, 4, 1, 'macro-kaskote.jpg', 190068, 2, 0),
	(207, 13, 1, 'FITXA-PORTFOLIaps.jpg', 597684, 0, 0),
	(208, 13, 1, 'LLISTAT-PORTFOLI-aps.jpg', 509247, 1, 1),
	(209, 13, 1, 'macro-aps.jpg', 137430, 2, 0),
	(210, 9, 1, 'FITXA-PORTFOLI-scopporo.jpg', 636968, 0, 0),
	(211, 9, 1, 'macro-scopporo.jpg', 115550, 1, 0),
	(212, 9, 1, 'LLISTAT-PORTFOLI-scopporo.jpg', 520012, 2, 1),
	(213, 5, 1, 'FITXA-PORTFOLI-tyrecat.jpg', 510444, 0, 0),
	(214, 5, 1, 'LLISTAT-PORTFOLI-tyrecat.jpg', 354287, 1, 1),
	(215, 5, 1, 'macro-tyrecat.jpg', 111692, 2, 0),
	(216, 19, 1, 'FITXA-PORTFOLI-claustres.jpg', 428523, 0, 0),
	(217, 19, 1, 'LLISTAT-PORTFOLI-claustres.jpg', 516332, 1, 1),
	(218, 19, 1, 'macro-claustres.jpg', 167665, 2, 0),
	(219, 21, 1, 'FITXA-PORTFOLI-JEP.jpg', 427774, 0, 0),
	(220, 21, 1, 'macro-JEP.jpg', 123120, 1, 0),
	(221, 21, 1, 'LLISTAT-PORTFOLI-JEP.jpg', 421209, 2, 1),
	(222, 14, 1, 'macro-academia.jpg', 134711, 0, 0),
	(223, 14, 1, 'FITXA-PORTFOLIacademia.jpg', 434291, 1, 0),
	(224, 14, 1, 'LLISTAT-PORTFOLI-academia.jpg', 448936, 2, 1),
	(225, 6, 1, 'FITXA-PORTFOLI-aram.jpg', 592475, 0, 0),
	(226, 6, 1, 'LLISTAT-PORTFOLI-aram.jpg', 557736, 1, 1),
	(227, 6, 1, 'macro-aram.jpg', 149880, 2, 0),
	(228, 8, 1, 'FITXA-PORTFOLI-nautamarine.jpg', 669409, 0, 0),
	(229, 8, 1, 'LLISTAT-PORTFOLI-nautamarine.jpg', 588737, 1, 1),
	(230, 8, 1, 'macro-nautamarine.jpg', 127949, 2, 0),
	(231, 16, 1, 'FITXA-PORTFOLI-la-coromina.jpg', 744104, 0, 0),
	(232, 16, 1, 'LLISTAT-PORTFOLI-la-coromina.jpg', 642340, 1, 1),
	(234, 16, 1, 'macro-la-coromina.jpg', 161718, 2, 0),
	(235, 17, 1, 'FITXA-PORTFOLIcasa-illa.jpg', 564456, 0, 0),
	(236, 17, 1, 'LLISTAT-PORTFOLI-casa-illa.jpg', 538417, 1, 1),
	(237, 17, 1, 'macro-casa-lilla.jpg', 145414, 2, 0),
	(238, 60, 1, 'macro-fusteria-saubi.jpg', 131990, 0, 0),
	(239, 60, 1, 'FITXA-PORTFOLI-fusteria-saubi.jpg', 591189, 1, 0),
	(240, 60, 1, 'LLISTAT-PORTFOLI-fusteria-saubi.jpg', 488611, 2, 1),
	(241, 61, 1, 'FITXA-PORTFOLI-yes-escala.jpg', 560594, 0, 0),
	(242, 61, 1, 'LLISTAT-PORTFOLI.-yes-escalajpg.jpg', 491459, 1, 1),
	(243, 61, 1, 'macro-yes-escala.jpg', 152915, 2, 0),
	(244, 62, 1, 'FITXA-PORTFOLI-can-genis.jpg', 772455, 0, 0),
	(245, 62, 1, 'macro-can-genis.jpg', 170310, 1, 0),
	(246, 62, 1, 'LLISTAT-PORTFOLI-can-genis.jpg', 643210, 2, 1),
	(247, 63, 1, 'FITXA-PORTFOLI-bravahomestanding.jpg', 689176, 0, 0),
	(248, 63, 1, 'LLISTAT-PORTFOLI-bravahomestanding.jpg', 601879, 1, 1),
	(249, 63, 1, 'macro-bravahomestanding.jpg', 140586, 2, 0),
	(250, 64, 1, 'LLISTAT-PORTFOLI-can-marc.jpg', 828441, 0, 1),
	(251, 64, 1, 'macro-can-marc.jpg', 215250, 1, 0),
	(252, 64, 1, 'FITXA-PORTFOLI-can-marc.jpg', 1000690, 2, 0),
	(253, 18, 1, 'LLISTAT-PORTFOLI-belle-property.jpg', 463276, 3, 1),
	(254, 65, 1, 'FITXA-PORTFOLI-netejaillar.jpg', 523628, 0, 0),
	(255, 65, 1, 'LLISTAT-PORTFOLI-netejaillar.jpg', 500473, 1, 1),
	(256, 65, 1, 'macro-netejaillar.jpg', 148010, 2, 0),
	(257, 66, 1, 'macro-cardiogirona.jpg', 94881, 0, 0),
	(258, 66, 1, 'LLISTAT-PORTFOLI-cardiogirona.jpg', 278658, 1, 1),
	(259, 66, 1, 'FITXA-PORTFOLI-cardiogirona.jpg', 449344, 2, 0),
	(260, 67, 1, 'FITXA-PORTFOLI-blunik-racing.jpg', 759396, 0, 0),
	(261, 67, 1, 'LLISTAT-PORTFOLI-blunik-racing.jpg', 626975, 1, 1),
	(262, 67, 1, 'macro-blunik.jpg', 147200, 2, 0),
	(263, 68, 1, 'FITXA-PORTFOLI-magnolia-de-plata.jpg', 571690, 0, 0),
	(264, 68, 1, 'LLISTAT-PORTFOLI-magnolia-de-plata.jpg', 493392, 1, 1),
	(265, 68, 1, 'macro-magnolia-de-plata.jpg', 105196, 2, 0),
	(266, 69, 1, 'FITXA-PORTFOLI-homeselect.jpg', 665427, 0, 0),
	(267, 69, 1, 'LLISTAT-PORTFOLI-homeselect.jpg', 504049, 1, 1),
	(268, 69, 1, 'macro-homeselect.jpg', 138881, 2, 0),
	(270, 70, 1, 'LLISTAT-PORTFOLI-vistarosesmar.jpg', 490791, 1, 1),
	(272, 70, 1, 'FITXA-PORTFOLI-vistarosesmar.jpg', 579205, 2, 0),
	(273, 71, 1, 'FITXA-PORTFOLI-planascasas.jpg', 226485, 0, 0),
	(274, 71, 1, 'LLISTAT-PORTFOLI-planascasas.jpg', 520752, 1, 1),
	(275, 71, 1, 'macro-planascasas.jpg', 142157, 2, 0),
	(276, 72, 1, 'FITXA-PORTFOLI-unmonmillor.jpg', 481645, 0, 0),
	(277, 72, 1, 'LLISTAT-PORTFOLI-unmonmillor.jpg', 309350, 1, 1),
	(278, 72, 1, 'macro-unmonmillor.jpg', 80517, 2, 0),
	(279, 73, 1, 'FITXA-PORTFOLI-entercasa.jpg', 215709, 0, 0),
	(280, 73, 1, 'LLISTAT-PORTFOLI-entercasa.jpg', 199614, 1, 1),
	(281, 73, 1, 'macro-entercasa.jpg', 36508, 2, 0),
	(282, 63, 1, 'fotos-mariposas-flores.jpg', 133389, 1, 0),
	(283, 63, 1, 'fotos-mariposas.jpg', 134792, 2, 0),
	(284, 63, 1, 'fotos-naturaleza-mariposas.jpg', 48357, 3, 0),
	(285, 63, 1, 'fotos-paisajes-bosques.jpg', 142762, 4, 0),
	(286, 63, 1, 'fotos-paisajes-islas.jpg', 103199, 5, 0),
	(287, 63, 1, 'imagenes-animales.jpg', 58124, 0, 1);
/*!40000 ALTER TABLE `portfoli__portfoli_image` ENABLE KEYS */;


-- Volcando estructura para tabla bangolo.portfoli__portfoli_image_language
CREATE TABLE IF NOT EXISTS `portfoli__portfoli_image_language` (
  `image_id` int(11) NOT NULL default '0',
  `language` char(3) collate utf8_spanish2_ci NOT NULL,
  `image_alt` varchar(150) collate utf8_spanish2_ci NOT NULL,
  `image_title` varchar(255) collate utf8_spanish2_ci NOT NULL
) ENGINE=MyISAM DEFAULT CHARSET=utf8 COLLATE=utf8_spanish2_ci;

-- Volcando datos para la tabla bangolo.portfoli__portfoli_image_language: 426 rows
/*!40000 ALTER TABLE `portfoli__portfoli_image_language` DISABLE KEYS */;
INSERT INTO `portfoli__portfoli_image_language` (`image_id`, `language`, `image_alt`, `image_title`) VALUES
	(192, 'spa', '', ''),
	(174, 'spa', '', ''),
	(6, 'cat', '', ''),
	(204, 'spa', '', ''),
	(213, 'spa', '', ''),
	(225, 'spa', '', ''),
	(102, 'spa', '', ''),
	(228, 'spa', '', ''),
	(210, 'spa', '', ''),
	(183, 'spa', '', ''),
	(14, 'cat', '', ''),
	(15, 'cat', '', ''),
	(207, 'spa', '', ''),
	(222, 'spa', '', ''),
	(195, 'spa', '', ''),
	(231, 'spa', '', ''),
	(235, 'spa', '', ''),
	(216, 'spa', '', ''),
	(180, 'spa', '', ''),
	(219, 'spa', '', ''),
	(25, 'cat', '', ''),
	(26, 'cat', '', ''),
	(165, 'spa', '', ''),
	(186, 'spa', '', ''),
	(29, 'cat', '', ''),
	(162, 'spa', '', ''),
	(159, 'spa', '', ''),
	(116, 'spa', '', ''),
	(177, 'spa', '', ''),
	(198, 'spa', '', ''),
	(156, 'spa', '', ''),
	(36, 'cat', '', ''),
	(146, 'spa', '', ''),
	(192, 'cat', '', ''),
	(174, 'cat', '', ''),
	(6, 'spa', '', ''),
	(204, 'cat', '', ''),
	(213, 'cat', '', ''),
	(225, 'cat', '', ''),
	(102, 'cat', '', ''),
	(228, 'cat', '', ''),
	(210, 'cat', '', ''),
	(183, 'cat', '', ''),
	(14, 'spa', '', ''),
	(15, 'spa', '', ''),
	(207, 'cat', '', ''),
	(222, 'cat', '', ''),
	(195, 'cat', '', ''),
	(231, 'cat', '', ''),
	(235, 'cat', '', ''),
	(216, 'cat', '', ''),
	(180, 'cat', '', ''),
	(219, 'cat', '', ''),
	(25, 'spa', '', ''),
	(26, 'spa', '', ''),
	(165, 'cat', '', ''),
	(186, 'cat', '', ''),
	(29, 'spa', '', ''),
	(162, 'cat', '', ''),
	(159, 'cat', '', ''),
	(116, 'cat', '', ''),
	(177, 'cat', '', ''),
	(198, 'cat', '', ''),
	(156, 'cat', '', ''),
	(36, 'spa', '', ''),
	(146, 'cat', '', ''),
	(147, 'cat', '', ''),
	(145, 'spa', '', ''),
	(145, 'cat', '', ''),
	(107, 'spa', '', ''),
	(107, 'cat', '', ''),
	(189, 'spa', '', ''),
	(189, 'cat', '', ''),
	(135, 'spa', '', ''),
	(135, 'cat', '', ''),
	(168, 'spa', '', ''),
	(168, 'cat', '', ''),
	(128, 'spa', '', ''),
	(128, 'cat', '', ''),
	(134, 'spa', '', ''),
	(134, 'cat', '', ''),
	(137, 'spa', '', ''),
	(137, 'cat', '', ''),
	(153, 'spa', '', ''),
	(153, 'cat', '', ''),
	(108, 'spa', '', ''),
	(108, 'cat', '', ''),
	(171, 'spa', '', ''),
	(171, 'cat', '', ''),
	(152, 'spa', '', ''),
	(152, 'cat', '', ''),
	(110, 'spa', '', ''),
	(110, 'cat', '', ''),
	(91, 'spa', '', ''),
	(91, 'cat', '', ''),
	(201, 'spa', '', ''),
	(201, 'cat', '', ''),
	(79, 'spa', '', ''),
	(79, 'cat', '', ''),
	(88, 'spa', '', ''),
	(88, 'cat', '', ''),
	(89, 'cat', '', ''),
	(82, 'spa', '', ''),
	(82, 'cat', '', ''),
	(119, 'spa', '', ''),
	(119, 'cat', '', ''),
	(77, 'spa', '', ''),
	(77, 'cat', '', ''),
	(125, 'spa', '', ''),
	(72, 'spa', '', ''),
	(72, 'cat', '', ''),
	(125, 'cat', '', ''),
	(122, 'spa', '', ''),
	(122, 'cat', '', ''),
	(94, 'spa', '', ''),
	(94, 'cat', '', ''),
	(76, 'spa', '', ''),
	(76, 'cat', '', ''),
	(80, 'cat', '', ''),
	(78, 'spa', '', ''),
	(78, 'cat', '', ''),
	(71, 'cat', '', ''),
	(71, 'spa', '', ''),
	(73, 'cat', '', ''),
	(73, 'spa', '', ''),
	(80, 'spa', '', ''),
	(81, 'cat', '', ''),
	(81, 'spa', '', ''),
	(83, 'cat', '', ''),
	(83, 'spa', '', ''),
	(84, 'cat', '', ''),
	(84, 'spa', '', ''),
	(85, 'cat', '', ''),
	(85, 'spa', '', ''),
	(86, 'cat', '', ''),
	(86, 'spa', '', ''),
	(103, 'spa', '', ''),
	(103, 'cat', '', ''),
	(89, 'spa', '', ''),
	(90, 'cat', '', ''),
	(90, 'spa', '', ''),
	(92, 'cat', '', ''),
	(92, 'spa', '', ''),
	(93, 'cat', '', ''),
	(93, 'spa', '', ''),
	(95, 'cat', '', ''),
	(95, 'spa', '', ''),
	(96, 'cat', '', ''),
	(96, 'spa', '', ''),
	(101, 'spa', '', ''),
	(101, 'cat', '', ''),
	(100, 'spa', '', ''),
	(100, 'cat', '', ''),
	(104, 'cat', '', ''),
	(104, 'spa', '', ''),
	(105, 'cat', '', ''),
	(105, 'spa', '', ''),
	(106, 'cat', '', ''),
	(106, 'spa', '', ''),
	(109, 'cat', '', ''),
	(109, 'spa', '', ''),
	(111, 'cat', '', ''),
	(111, 'spa', '', ''),
	(112, 'cat', '', ''),
	(112, 'spa', '', ''),
	(144, 'spa', '', ''),
	(144, 'cat', '', ''),
	(143, 'spa', '', ''),
	(143, 'cat', '', ''),
	(117, 'cat', '', ''),
	(117, 'spa', '', ''),
	(118, 'cat', '', ''),
	(118, 'spa', '', ''),
	(120, 'cat', '', ''),
	(120, 'spa', '', ''),
	(121, 'cat', '', ''),
	(121, 'spa', '', ''),
	(123, 'cat', '', ''),
	(123, 'spa', '', ''),
	(124, 'cat', '', ''),
	(124, 'spa', '', ''),
	(126, 'cat', '', ''),
	(126, 'spa', '', ''),
	(127, 'cat', '', ''),
	(127, 'spa', '', ''),
	(129, 'cat', '', ''),
	(129, 'spa', '', ''),
	(130, 'cat', '', ''),
	(130, 'spa', '', ''),
	(131, 'cat', '', ''),
	(131, 'spa', '', ''),
	(132, 'cat', '', ''),
	(132, 'spa', '', ''),
	(133, 'cat', '', ''),
	(133, 'spa', '', ''),
	(136, 'cat', '', ''),
	(136, 'spa', '', ''),
	(138, 'cat', '', ''),
	(138, 'spa', '', ''),
	(139, 'cat', '', ''),
	(139, 'spa', '', ''),
	(140, 'cat', '', ''),
	(140, 'spa', '', ''),
	(141, 'cat', '', ''),
	(141, 'spa', '', ''),
	(142, 'cat', '', ''),
	(142, 'spa', '', ''),
	(147, 'spa', '', ''),
	(148, 'cat', '', ''),
	(148, 'spa', '', ''),
	(150, 'cat', '', ''),
	(150, 'spa', '', ''),
	(151, 'cat', '', ''),
	(151, 'spa', '', ''),
	(154, 'cat', '', ''),
	(154, 'spa', '', ''),
	(155, 'cat', '', ''),
	(155, 'spa', '', ''),
	(157, 'cat', '', ''),
	(157, 'spa', '', ''),
	(158, 'cat', '', ''),
	(158, 'spa', '', ''),
	(160, 'cat', '', ''),
	(160, 'spa', '', ''),
	(161, 'cat', '', ''),
	(161, 'spa', '', ''),
	(163, 'cat', '', ''),
	(163, 'spa', '', ''),
	(164, 'cat', '', ''),
	(164, 'spa', '', ''),
	(166, 'cat', '', ''),
	(166, 'spa', '', ''),
	(167, 'cat', '', ''),
	(167, 'spa', '', ''),
	(169, 'cat', '', ''),
	(169, 'spa', '', ''),
	(254, 'spa', '', ''),
	(254, 'cat', '', ''),
	(172, 'cat', '', ''),
	(172, 'spa', '', ''),
	(173, 'cat', '', ''),
	(173, 'spa', '', ''),
	(175, 'cat', '', ''),
	(175, 'spa', '', ''),
	(176, 'cat', '', ''),
	(176, 'spa', '', ''),
	(178, 'cat', '', ''),
	(178, 'spa', '', ''),
	(179, 'cat', '', ''),
	(179, 'spa', '', ''),
	(181, 'cat', '', ''),
	(181, 'spa', '', ''),
	(182, 'cat', '', ''),
	(182, 'spa', '', ''),
	(184, 'cat', '', ''),
	(184, 'spa', '', ''),
	(185, 'cat', '', ''),
	(185, 'spa', '', ''),
	(187, 'cat', '', ''),
	(187, 'spa', '', ''),
	(188, 'cat', '', ''),
	(188, 'spa', '', ''),
	(190, 'cat', '', ''),
	(190, 'spa', '', ''),
	(191, 'cat', '', ''),
	(191, 'spa', '', ''),
	(193, 'cat', '', ''),
	(193, 'spa', '', ''),
	(194, 'cat', '', ''),
	(194, 'spa', '', ''),
	(196, 'cat', '', ''),
	(196, 'spa', '', ''),
	(197, 'cat', '', ''),
	(197, 'spa', '', ''),
	(199, 'cat', '', ''),
	(199, 'spa', '', ''),
	(200, 'cat', '', ''),
	(200, 'spa', '', ''),
	(202, 'cat', '', ''),
	(202, 'spa', '', ''),
	(203, 'cat', '', ''),
	(203, 'spa', '', ''),
	(205, 'cat', '', ''),
	(205, 'spa', '', ''),
	(206, 'cat', '', ''),
	(206, 'spa', '', ''),
	(208, 'cat', '', ''),
	(208, 'spa', '', ''),
	(209, 'cat', '', ''),
	(209, 'spa', '', ''),
	(211, 'cat', '', ''),
	(211, 'spa', '', ''),
	(212, 'cat', '', ''),
	(212, 'spa', '', ''),
	(214, 'cat', '', ''),
	(214, 'spa', '', ''),
	(215, 'cat', '', ''),
	(215, 'spa', '', ''),
	(217, 'cat', '', ''),
	(217, 'spa', '', ''),
	(218, 'cat', '', ''),
	(218, 'spa', '', ''),
	(220, 'cat', '', ''),
	(220, 'spa', '', ''),
	(221, 'cat', '', ''),
	(221, 'spa', '', ''),
	(223, 'cat', '', ''),
	(223, 'spa', '', ''),
	(224, 'cat', '', ''),
	(224, 'spa', '', ''),
	(226, 'cat', '', ''),
	(226, 'spa', '', ''),
	(227, 'cat', '', ''),
	(227, 'spa', '', ''),
	(229, 'cat', '', ''),
	(229, 'spa', '', ''),
	(230, 'cat', '', ''),
	(230, 'spa', '', ''),
	(232, 'cat', '', ''),
	(232, 'spa', '', ''),
	(234, 'spa', '', ''),
	(234, 'cat', '', ''),
	(236, 'cat', '', ''),
	(236, 'spa', '', ''),
	(237, 'cat', '', ''),
	(237, 'spa', '', ''),
	(238, 'cat', '', ''),
	(238, 'spa', '', ''),
	(239, 'cat', '', ''),
	(239, 'spa', '', ''),
	(240, 'cat', '', ''),
	(240, 'spa', '', ''),
	(241, 'cat', '', ''),
	(241, 'spa', '', ''),
	(242, 'cat', '', ''),
	(242, 'spa', '', ''),
	(243, 'cat', '', ''),
	(243, 'spa', '', ''),
	(244, 'cat', '', ''),
	(244, 'spa', '', ''),
	(245, 'cat', '', ''),
	(245, 'spa', '', ''),
	(246, 'cat', '', ''),
	(246, 'spa', '', ''),
	(283, 'spa', '', ''),
	(283, 'cat', '', ''),
	(282, 'fra', '', ''),
	(282, 'eng', '', ''),
	(282, 'spa', '', ''),
	(282, 'cat', '', ''),
	(250, 'cat', '', ''),
	(250, 'spa', '', ''),
	(251, 'cat', '', ''),
	(251, 'spa', '', ''),
	(252, 'cat', '', ''),
	(252, 'spa', '', ''),
	(253, 'cat', '', ''),
	(253, 'spa', '', ''),
	(255, 'cat', '', ''),
	(255, 'spa', '', ''),
	(256, 'cat', '', ''),
	(256, 'spa', '', ''),
	(257, 'cat', '', ''),
	(257, 'spa', '', ''),
	(258, 'cat', '', ''),
	(258, 'spa', '', ''),
	(259, 'cat', '', ''),
	(259, 'spa', '', ''),
	(260, 'cat', '', ''),
	(260, 'spa', '', ''),
	(261, 'cat', '', ''),
	(261, 'spa', '', ''),
	(262, 'cat', '', ''),
	(262, 'spa', '', ''),
	(263, 'cat', '', ''),
	(263, 'spa', '', ''),
	(264, 'cat', '', ''),
	(264, 'spa', '', ''),
	(265, 'cat', '', ''),
	(265, 'spa', '', ''),
	(266, 'cat', '', ''),
	(266, 'spa', '', ''),
	(267, 'cat', '', ''),
	(267, 'spa', '', ''),
	(268, 'cat', '', ''),
	(268, 'spa', '', ''),
	(273, 'spa', '', ''),
	(273, 'cat', '', ''),
	(270, 'cat', '', ''),
	(270, 'spa', '', ''),
	(272, 'spa', '', ''),
	(272, 'cat', '', ''),
	(274, 'cat', '', ''),
	(274, 'spa', '', ''),
	(275, 'cat', '', ''),
	(275, 'spa', '', ''),
	(276, 'cat', '', ''),
	(276, 'spa', '', ''),
	(277, 'cat', '', ''),
	(277, 'spa', '', ''),
	(278, 'cat', '', ''),
	(278, 'spa', '', ''),
	(279, 'cat', '', ''),
	(279, 'spa', '', ''),
	(280, 'cat', '', ''),
	(280, 'spa', '', ''),
	(281, 'cat', '', ''),
	(281, 'spa', '', ''),
	(283, 'eng', '', ''),
	(283, 'fra', '', ''),
	(284, 'cat', '', ''),
	(284, 'spa', '', ''),
	(284, 'eng', '', ''),
	(284, 'fra', '', ''),
	(285, 'cat', '', ''),
	(285, 'spa', '', ''),
	(285, 'eng', '', ''),
	(285, 'fra', '', ''),
	(286, 'cat', '', ''),
	(286, 'spa', '', ''),
	(286, 'eng', '', ''),
	(286, 'fra', '', ''),
	(287, 'cat', '', ''),
	(287, 'spa', '', ''),
	(287, 'eng', '', ''),
	(287, 'fra', '', '');
/*!40000 ALTER TABLE `portfoli__portfoli_image_language` ENABLE KEYS */;


-- Volcando estructura para tabla bangolo.portfoli__portfoli_language
CREATE TABLE IF NOT EXISTS `portfoli__portfoli_language` (
  `portfoli_id` int(11) NOT NULL,
  `language` char(3) collate utf8_spanish2_ci NOT NULL,
  `title` varchar(250) collate utf8_spanish2_ci NOT NULL,
  `subtitle` varchar(250) collate utf8_spanish2_ci NOT NULL,
  `description` text collate utf8_spanish2_ci NOT NULL,
  `description_text` text collate utf8_spanish2_ci NOT NULL,
  `page_title` varchar(255) collate utf8_spanish2_ci NOT NULL default '',
  `page_description` varchar(255) collate utf8_spanish2_ci NOT NULL default '',
  `page_keywords` varchar(255) collate utf8_spanish2_ci NOT NULL default '',
  `portfoli_file_name` varchar(100) collate utf8_spanish2_ci NOT NULL default '',
  `portfoli_old_file_name` varchar(100) collate utf8_spanish2_ci NOT NULL default '',
  KEY `portfoli_id` (`portfoli_id`),
  KEY `language` (`language`)
) ENGINE=InnoDB DEFAULT CHARSET=utf8 COLLATE=utf8_spanish2_ci;

-- Volcando datos para la tabla bangolo.portfoli__portfoli_language: ~146 rows (aproximadamente)
/*!40000 ALTER TABLE `portfoli__portfoli_language` DISABLE KEYS */;
INSERT INTO `portfoli__portfoli_language` (`portfoli_id`, `language`, `title`, `subtitle`, `description`, `description_text`, `page_title`, `page_description`, `page_keywords`, `portfoli_file_name`, `portfoli_old_file_name`) VALUES
	(1, 'cat', 'mNACTEC', 'Pàgina institucional', '<p><span lang="CA">El projecte ha estat realitzat i dirigit per l\'estudi Disseny Visual.</span></p>\r\n<p><span lang="CA">Letnd realitza la programaci&oacute; web de mNACTEC, associaci&oacute; del 25 museus cient&iacute;fiques per con&egrave;ixer i interpretar la industrialitzaci&oacute; de Catalunya.</span></p>\r\n<p><span lang="CA">La web incorpora un sistema d\'autogesti&oacute; on cada museu pot modificar de forma independent la seva informaci&oacute; i actualitzar peri&ograve;dicament les exposicions, publicacions...</span></p>', 'El projecte ha estat realitzat i dirigit per l\'estudi Disseny Visual. Letnd realitza la programació web de mNACTEC, associació del 25 museus científiques per conèixer i interpretar la industrialització de Catalunya. La web incorpora un sistema d\'autogestió on cada museu pot modificar de forma independent la seva informació i actualitzar periòdicament les exposicions, publicacions...', '', '', '', '', ''),
	(1, 'spa', 'mNACTEC', 'Página institucional', '<p>El proyecto ha sido realizado i dirigido por el estudio Disseny Visual.</p>\r\n<p>Letnd realiza la programaci&oacute;n web del mNACTEC, asociaci&oacute;n de 25 museos cient&iacute;ficos para conocer y interpretar la industrializaci&oacute;n de Catalunya</p>\r\n<p>La web incluye un sistema de autogesti&oacute;n donde cada museo puede modificar de forma independiente su informaci&oacute;n y actualizar peri&oacute;dicamente las exposiciones, publicaciones&hellip;</p>', 'El proyecto ha sido realizado i dirigido por el estudio Disseny Visual. Letnd realiza la programación web del mNACTEC, asociación de 25 museos científicos para conocer y interpretar la industrialización de Catalunya La web incluye un sistema de autogestión donde cada museo puede modificar de forma independiente su información y actualizar periódicamente las exposiciones, publicaciones…', '', '', '', '', ''),
	(2, 'cat', '+Q cosmètica', '', '<p>Web corporativa per la empresa +Q cosm&egrave;tica, especialitzada a la distribuci&oacute; de productes est&egrave;tics.</p>\r\n<p>Disseny realitzat per l\'empresa <a href="http://www.vanguartestudi.com" target="_blank">Vanguartestudi</a>.</p>', 'Web corporativa per la empresa +Q cosmètica, especialitzada a la distribució de productes estètics. Disseny realitzat per l\'empresa Vanguartestudi.', '', '', '', '', ''),
	(2, 'spa', '+Q cosmética', '', '<p>Web corporativa para la empresa +Q cosm&eacute;tica, especializada en la distribuci&oacute;n de productos est&eacute;ticos.</p>\r\n<p>Dise&ntilde;o realizado por la empresa <a href="http://www.vanguartestudi.com" target="_blank">Vanguartestudi</a>.</p>', 'Web corporativa para la empresa +Q cosmética, especializada en la distribución de productos estéticos. Diseño realizado por la empresa Vanguartestudi.', '', '', '', '', ''),
	(3, 'cat', 'Sumopaintball', 'Botiga virtual ( Paquet TiendaLetnd )', '<p>Empresa especialitzada en events i productes de paintball.</p>\r\n<p>La web utilitza el paquet <strong>TiendaLetnd</strong> el qual incorpora un complet sistema d\'autogesti&oacute; des de on pot gestionar la botiga virtual i els diferents apartats de la web.</p>\r\n<p>Disseny realitzat per l\'empresa <a href="http://www.vanguartestudi.com" target="_blank">Vanguartestudi</a>.</p>', 'Empresa especialitzada en events i productes de paintball. La web utilitza el paquet TiendaLetnd el qual incorpora un complet sistema d\'autogestió des de on pot gestionar la botiga virtual i els diferents apartats de la web. Disseny realitzat per l\'empresa Vanguartestudi.', '', '', '', '', ''),
	(3, 'spa', 'Sumopaintball', 'Tienda virutal ( Paquete TiendaLetnd )', '<p>Empresa especializada en eventos y productos de paintball</p>\r\n<p>La web utiliza el paquete TiendaLetnd el cual incluye un completo sistema de autogesti&oacute;n donde poder gestionar la tienda virtual y los diferentes apartados de la web.</p>\r\n<p>Dise&ntilde;o realizado por la empresa <a href="http://www.vanguartestudi.com" target="_blank">Vanguartestudi</a>.</p>', 'Empresa especializada en eventos y productos de paintball La web utiliza el paquete TiendaLetnd el cual incluye un completo sistema de autogestión donde poder gestionar la tienda virtual y los diferentes apartados de la web. Diseño realizado por la empresa Vanguartestudi.', '', '', '', '', ''),
	(4, 'cat', 'Distribuciones Kaskote S.L.', 'Paquet TiendaLetnd', '<p><span lang="CA">Web de la empresa Kaskote S.L. especialitzada en la venda i distribuci&oacute; de joieria en plata. La web incorpora una completa botiga accessible nom&eacute;s pels clients registrats.</span></p>\r\n<p><span lang="CA">La web utilitza el paquet <strong>TiendaLetnd</strong> el qual incorpora un complet sistema d\'autogesti&oacute; des de on pot gestionar la botiga virtual i els diferents apartats de la web. El propi paquet <strong>TiendaLetnd</strong> permet treballar tan amb clients distribu&iuml;dors com clients finals.</span></p>\r\n<p><span lang="CA">Disseny realitzat per l\'empresa <a href="http://www.vanguartestudi.com" target="_blank">Vanguartestudi</a>.</span></p>', 'Web de la empresa Kaskote S.L. especialitzada en la venda i distribució de joieria en plata. La web incorpora una completa botiga accessible només pels clients registrats. La web utilitza el paquet TiendaLetnd el qual incorpora un complet sistema d\'autogestió des de on pot gestionar la botiga virtual i els diferents apartats de la web. El propi paquet TiendaLetnd permet treballar tan amb clients distribuïdors com clients finals. Disseny realitzat per l\'empresa Vanguartestudi.', '', '', '', '', ''),
	(4, 'spa', 'Distribuciones  Kaskote S.L.', 'Paquete TiendaLetnd', '<p>Web de la empresa Kaskote S.L. especializada en la venta y distribuci&oacute;n de joyeria en plata. La web incorpora una tienda on-line accessible solo para clientes registrados.</p>\r\n<p>La web utiliza el paquete TiendaLetnd el cual incluye un completo sistema de autogesti&oacute;n donde poder gestionar la tienda virtual y los diferentes apartados de la web.</p>\r\n<p>El propio paquete TiendaLetnd permite trabajar tanto con clientes distribuidores como con clientes finales.</p>\r\n<p>Dise&ntilde;o realizado por la empresa <a href="http://www.vanguartestudi.com" target="_blank">Vanguartestudi</a>.</p>', 'Web de la empresa Kaskote S.L. especializada en la venta y distribución de joyeria en plata. La web incorpora una tienda on-line accessible solo para clientes registrados. La web utiliza el paquete TiendaLetnd el cual incluye un completo sistema de autogestión donde poder gestionar la tienda virtual y los diferentes apartados de la web. El propio paquete TiendaLetnd permite trabajar tanto con clientes distribuidores como con clientes finales. Diseño realizado por la empresa Vanguartestudi.', '', '', '', '', ''),
	(5, 'cat', 'Tyrecat ', 'Especialistes en pneumàtics', '<p>Web coorporativa per l\'empresa girornina Tyrecat, especialitzada en la venda i substituci&oacute; de pneum&agrave;tics.</p>\r\n<p>Disseny realitzat per l\'empresa <a href="http://www.vanguartestudi.com" target="_blank">Vanguartestudi</a>.</p>', 'Web coorporativa per l\'empresa girornina Tyrecat, especialitzada en la venda i substitució de pneumàtics. Disseny realitzat per l\'empresa Vanguartestudi.', '', '', '', '', ''),
	(5, 'spa', 'Tyrecat ', 'Especialistas en neumáticos', '<p>Web corporativa para la empresa gironina Tyrecat, especializada en la venta y substituci&oacute;n de neum&aacute;ticos.</p>\r\n<p>Dise&ntilde;o realizado por la empresa <a href="http://www.vanguartestudi.com" target="_blank">Vanguartestudi</a>.</p>', 'Web corporativa para la empresa gironina Tyrecat, especializada en la venta y substitución de neumáticos. Diseño realizado por la empresa Vanguartestudi.', '', '', '', '', ''),
	(6, 'cat', 'Fundació Aram', '', '<p><span lang="CA">Projecte web de la fundació Aram, fundació amb un fort compromís social per la promoció residencial.</span></p>\r\n  <p><span lang="CA">El projecte inclou tres &quot;subwebs&quot;: Aram Besalú, Aram Vilamalla i Aram Gavà on es pot veure les característiques dels habitatges de les diferents poblacions.</span></p>', 'Projecte web de la fundació Aram, fundació amb un fort compromís social per la promoció residencial. El projecte inclou tres "subwebs": Aram Besalú, Aram Vilamalla i Aram Gavà on es pot veure les característiques dels habitatges de les diferents poblacions.', '', '', '', '', ''),
	(6, 'spa', 'Fundación Aram', '', '<p>Proyecto web de la fundación Aram, fundación con un fuerte compromiso social para la promoción residencial.</p><span style="font-family: "Times New Roman"; font-size: 12pt">El proyecto incluye tres “subwebs”: Aram Besalú, Aram Vilamalla y Aram Gava donde se puede ver las características de los habitajes de las diferentes poblaciones.</span>', 'Proyecto web de la fundación Aram, fundación con un fuerte compromiso social para la promoción residencial.El proyecto incluye tres “subwebs”: Aram Besalú, Aram Vilamalla y Aram Gava donde se puede ver las características de los habitajes de las diferentes poblaciones.', '', '', '', '', ''),
	(7, 'cat', 'Consultoriapv - Botiga solucions mediambientals', 'Botiga on-line ( Paquet tiendaLetnd )', '<p>Botiga on-line de l\'empresa Consultoria Mediambiental PV S.L. on es comercialitzen productes relacionats amb el mediambient.</p>\r\n<p>La web utilitza el paquet <strong>TiendaLetnd</strong> el qual incorpora un complet sistema d\'autogesti&oacute; des de on pot gestionar la botiga virtual i els diferents apartats de la web.</p>', 'Botiga on-line de l\'empresa Consultoria Mediambiental PV S.L. on es comercialitzen productes relacionats amb el mediambient. La web utilitza el paquet TiendaLetnd el qual incorpora un complet sistema d\'autogestió des de on pot gestionar la botiga virtual i els diferents apartats de la web.', '', '', '', '', ''),
	(7, 'spa', 'Consultoriapv - Tienda soluciones medio ambiente', 'Tienda on-line ( Paquete tiendaLetnd )', '<p>Tienda on-line de la empresa Consultoria Mediambiental PV S.L. donde se venden productos relacionados con el medio ambiente.</p>\r\n<p>La web utiliza el paquete <strong>TiendaLetnd</strong> el cual incluye un completo sistema de autogesti&oacute;n donde poder gestionar la tienda virtual y los diferentes apartados de la web.</p>', 'Tienda on-line de la empresa Consultoria Mediambiental PV S.L. donde se venden productos relacionados con el medio ambiente. La web utiliza el paquete TiendaLetnd el cual incluye un completo sistema de autogestión donde poder gestionar la tienda virtual y los diferentes apartados de la web.', '', '', '', '', ''),
	(8, 'cat', 'Nautamarine', '', '<p>Web <span lang="CA">corporativa </span>per la empresa Nautamarine.</p>\r\n<p>Projecte realitzat i dirigit per l\'estudi <a href="http://www.gali.cat" target="_blank">GAL&Iacute;_GR&Agrave;FICS</a>.</p>', 'Web corporativa per la empresa Nautamarine. Projecte realitzat i dirigit per l\'estudi GALÍ_GRÀFICS.', '', '', '', '', ''),
	(8, 'spa', 'Nautamarine', '', '<p>Web corporativa para la empresa Nautamarine.</p>\r\n<p>Projecte realitzat i dirigit por el estudio <a href="http://www.gali.cat" target="_blank">GAL&Iacute;_GR&Agrave;FICS</a>.</p>', 'Web corporativa para la empresa Nautamarine. Projecte realitzat i dirigit por el estudio GALÍ_GRÀFICS.', '', '', '', '', ''),
	(9, 'cat', 'Tiendascopporo ', 'Botiga on-line ( paquet tiendaLetnd )', '<p><span lang="CA">Web de la empresa Aura on-line especialitzada en la venda i distribuci&oacute; de productes esot&egrave;rics</span></p>\r\n<p><span lang="CA">La web utilitza el paquet <strong>TiendaLetnd</strong> el qual incorpora un complet sistema d\'autogesti&oacute; des de on pot gestionar la botiga virtual i els diferents apartats de la web. El propi paquet <strong>TiendaLetnd</strong> permet treballar tan amb clients distribu&iuml;dors com clients finals.</span></p>\r\n<p><span lang="CA">Disseny realitzat per l\'empresa <a href="http://www.vanguartestudi.com" target="_blank">Vanguartestudi</a>.</span></p>', 'Web de la empresa Aura on-line especialitzada en la venda i distribució de productes esotèrics La web utilitza el paquet TiendaLetnd el qual incorpora un complet sistema d\'autogestió des de on pot gestionar la botiga virtual i els diferents apartats de la web. El propi paquet TiendaLetnd permet treballar tan amb clients distribuïdors com clients finals. Disseny realitzat per l\'empresa Vanguartestudi.', '', '', '', '', ''),
	(9, 'spa', 'Tiendascopporo', 'Tienda on-line ( paquete tiendaLetnd )', '<p>Web de la empresa Aura on-line especializada en la venta y distribuci&oacute;n de productos esot&eacute;ricos.</p>\r\n<p>La web utiliza el paquete TiendaLetnd el cual incluye un completo sistema de autogesti&oacute;n donde poder gestionar la tienda virtual y los diferentes apartados de la web.</p>\r\n<p>Dise&ntilde;o realizado por la empresa<a href="http://www.vanguartestudi.com" target="_blank"> Vanguartestudi</a>.</p>', 'Web de la empresa Aura on-line especializada en la venta y distribución de productos esotéricos. La web utiliza el paquete TiendaLetnd el cual incluye un completo sistema de autogestión donde poder gestionar la tienda virtual y los diferentes apartados de la web. Diseño realizado por la empresa Vanguartestudi.', '', '', '', '', ''),
	(10, 'cat', 'Mironauto', 'Pàgina corporativa', '<p><span lang="CA">Web corporativa per la empresa Mironauto S.L.</span></p>\r\n<p>Disseny realitzat per l\'empresa <a href="http://www.vanguartestudi.com" target="_blank">Vanguartestudi</a>.</p>', 'Web corporativa per la empresa Mironauto S.L. Disseny realitzat per l\'empresa Vanguartestudi.', '', '', '', '', ''),
	(10, 'spa', 'Mironauto', 'Página corporativa', '<p>Web corporativa de la emprea Mironauto S.L.</p>\r\n<p>Dise&ntilde;o realizado por la empresa <a href="http://www.vanguartestudi.com" target="_blank">Vanguartestudi</a>.</p>', 'Web corporativa de la emprea Mironauto S.L. Diseño realizado por la empresa Vanguartestudi.', '', '', '', '', ''),
	(11, 'cat', 'Nargesa', '', '<p><span lang="CA">Web realitzada completament amb tecnologia flash per l\'empresa Nargesa, tota la web es auto-modificable utilitzant el  gestor de continguts de Letnd. Així mateix la web incorpora idiomes amb caràcters no llatins com el àrab.</span></p>', 'Web realitzada completament amb tecnologia flash per l\'empresa Nargesa, tota la web es auto-modificable utilitzant el gestor de continguts de Letnd. Així mateix la web incorpora idiomes amb caràcters no llatins com el àrab.', '', '', '', '', ''),
	(11, 'spa', 'Nargesa', '', '<p>Web realizada completamente con tecnología flash para la empresa Nargesa, toda la web es auto-modificable utilizando el gestor de contenidos de Letnd. Así mismo la web incluye idiomas con caracteres no latinos como el árabe.</p>', 'Web realizada completamente con tecnología flash para la empresa Nargesa, toda la web es auto-modificable utilizando el gestor de contenidos de Letnd. Así mismo la web incluye idiomas con caracteres no latinos como el árabe.', '', '', '', '', ''),
	(12, 'cat', 'Issac Sibecas', '', '<p>Web del fot&ograve;graf freelance Isaac Sibecas.</p>\r\n<p>El disseny ha estat realitzat per l\'estudi <a href="http://www.gali.cat" target="_blank">GAL&Iacute;_GR&Agrave;FICS</a>.</p>\r\n', 'Web del fotògraf freelance Isaac Sibecas. El disseny ha estat realitzat per l\'estudi GALÍ_GRÀFICS.', '', '', '', '', ''),
	(12, 'spa', 'Issac Sibecas', '', '<p>Web del fot&oacute;grafo freelance Isaac Sibecas.</p>\r\n<p>El dise&ntilde;o ha sido realizado por el estudio <a href="http://www.gali.cat" target="_blank">GAL&Iacute;_GR&Agrave;FICS</a></p>\r\n', 'Web del fotógrafo freelance Isaac Sibecas. El diseño ha sido realizado por el estudio GALÍ_GRÀFICS', '', '', '', '', ''),
	(13, 'cat', 'Agència Port de la Selva', 'Immobiliaria - ( Paquet ImmoLetnd )', '<p>Agencia inmobiliaria ubicada a Port de la selva la qual utilitza el paquet <strong>Immoletnd</strong>, des de on a part de gestionar tota la web, poden gestionar totes les funcions d\'una immobiliaria.</p>', 'Agencia inmobiliaria ubicada a Port de la selva la qual utilitza el paquet Immoletnd, des de on a part de gestionar tota la web, poden gestionar totes les funcions d\'una immobiliaria.', '', '', '', '', ''),
	(13, 'spa', 'Agencia Port de la Selva', 'Inmobiliaria - ( Paquete InmoLetnd )', '<p><span>Agencia inmobiliaria situada en el Port de la Selva, la qual utiliza el paquete <strong>InmoLetnd</strong> que permite gestionar toda la web y todas las funciones que necesita una inmobiliaria.</span></p>', 'Agencia inmobiliaria situada en el Port de la Selva, la qual utiliza el paquete InmoLetnd que permite gestionar toda la web y todas las funciones que necesita una inmobiliaria.', '', '', '', '', ''),
	(14, 'cat', 'Acadèmia Gamma', 'Mecanografia, informàtica i comptabilitat', '<p>Web <span lang="CA" style="CA" style="font-family: ">corporativa </span>per la empresa Acadèmia Gamma.</p>', 'Web corporativa per la empresa Acadèmia Gamma.', '', '', '', '', ''),
	(14, 'spa', 'Académia Gamma', 'Mecanografia, informática y comtabilidad', '<p>Web corporativa para la empresa Académia Gamma.</p>', 'Web corporativa para la empresa Académia Gamma.', '', '', '', '', ''),
	(15, 'cat', 'Finques Garrotxa', 'Immobiliaria - ( Paquet ImmoLetnd )', '<p>Agencia immobiliaria ubicada a Besal&uacute; <span lang="CA">la qual utilitza el paquet <strong>Immoletnd</strong>, desde on a part de gestionar tota la web, poden gestionar totes les funcions d\'una immobiliaria.</span></p>', 'Agencia immobiliaria ubicada a Besalú la qual utilitza el paquet Immoletnd, desde on a part de gestionar tota la web, poden gestionar totes les funcions d\'una immobiliaria.', '', '', '', '', ''),
	(15, 'spa', 'Finques Garrotxa', 'Inmobiliaria - ( Paquete InmoLetnd )', '<p><span>Agencia inmobiliaria situada en Besal&uacute;, la qual utiliza el paquete <strong>InmoLetnd</strong> que permite gestionar toda la web y todas las funciones que necesita una inmobiliaria.</span></p>', 'Agencia inmobiliaria situada en Besalú, la qual utiliza el paquete InmoLetnd que permite gestionar toda la web y todas las funciones que necesita una inmobiliaria.', '', '', '', '', ''),
	(16, 'cat', 'Allotjaments Finca la Coromina', 'Un paradís a la Garrotxa', '<p><span lang="CA">Web corporativa per la empresa Allotjaments Finca la Coromina, situada en un paratge privilegiat de la Garrotxa, Girona.</span></p>\r\n<p><span lang="CA">Aquesta web est&agrave; realitzada amb una combinaci&oacute; de flash i html per ressaltar la fotografia, per&ograve; sense perdre el posicionament en els buscadors que suposaria la web feta completament amb <em>flash.</em></span></p>', 'Web corporativa per la empresa Allotjaments Finca la Coromina, situada en un paratge privilegiat de la Garrotxa, Girona. Aquesta web està realitzada amb una combinació de flash i html per ressaltar la fotografia, però sense perdre el posicionament en els buscadors que suposaria la web feta completament amb flash.', '', '', '', '', ''),
	(16, 'spa', 'Alojamientos Finca la Coromina', 'Un paraiso en la Garrotxa', '<p>Web corporativa p<span lang="CA">a</span>r<span lang="CA">a</span> la empresa Alojamientos Finca la Coromina, situada en un paraje privilegiado de la Garrotxa, Gerona.</p>\r\n<p>Esta web est&aacute; realizada con una combinaci&oacute;n de flash i html para resaltar la fotograf&iacute;a, pero sin perder el posicionamiento en los buscadores que supondr&iacute;a la web hecha enteramente en <em>flash.</em></p>', 'Web corporativa para la empresa Alojamientos Finca la Coromina, situada en un paraje privilegiado de la Garrotxa, Gerona. Esta web está realizada con una combinación de flash i html para resaltar la fotografía, pero sin perder el posicionamiento en los buscadores que supondría la web hecha enteramente en flash.', '', '', '', '', ''),
	(17, 'cat', 'Casa illa', 'Allotjament turístic', '<p><span>Web corporativa de "</span><span>Casa Illa", Mas&iacute;a catalana restaurada situada a Cornell&agrave; de Terri, Girona, que ofereix allotjament rural de qualitat.</span></p>\r\n<p><span lang="CA">Aquesta web est&agrave; realitzada amb una combinaci&oacute; de flash i html per ressaltar la fotografia, per&ograve; sense perdre el posicionament en els buscadors que suposaria la web feta completament amb <em>flash.</em></span></p>', 'Web corporativa de "Casa Illa", Masía catalana restaurada situada a Cornellà de Terri, Girona, que ofereix allotjament rural de qualitat. Aquesta web està realitzada amb una combinació de flash i html per ressaltar la fotografia, però sense perdre el posicionament en els buscadors que suposaria la web feta completament amb flash.', '', '', '', '', ''),
	(17, 'spa', 'Casa illa', 'Alojamiento turísitico', '<p><span>Web corporativa de "</span><span>Casa illa", Mas&iacute;a catalana restaurada situada en Cornell&agrave; de Terri, Gerona, que ofrece alojamiento tur&iacute;stico de calidad.</span></p>\r\n<p>Esta web est&aacute; realizada con una combinaci&oacute;n de flash i html para resaltar la fotograf&iacute;a, pero sin perder el posicionamiento en los buscadores que supondr&iacute;a la web hecha enteramente en <em>flash.</em></p>', 'Web corporativa de "Casa illa", Masía catalana restaurada situada en Cornellà de Terri, Gerona, que ofrece alojamiento turístico de calidad. Esta web está realizada con una combinación de flash i html para resaltar la fotografía, pero sin perder el posicionamiento en los buscadores que supondría la web hecha enteramente en flash.', '', '', '', '', ''),
	(18, 'cat', 'Belle-property', 'Immobiliaria - ( Paquet ImmoLetnd )', '<p><span lang="CA">Agencia immobili&agrave;ria ubicada a Empuriabrava la qual utilitza el paquet <strong>Immoletnd</strong>, des de on a part de gestionar tota la web, poden gestionar totes les funcions d\'una immobili&agrave;ria.</span></p>', 'Agencia immobiliària ubicada a Empuriabrava la qual utilitza el paquet Immoletnd, des de on a part de gestionar tota la web, poden gestionar totes les funcions d\'una immobiliària.', '', '', '', '', ''),
	(18, 'spa', 'Belle-property', 'Inmobiliaria - ( Paquet InmoLetnd )', '<p><span>Agencia inmobiliaria situada en Empuriabrava, la qual utiliza el paquete InmoLetnd que permite gestionar toda la web y todas las funciones que necesita una inmobiliaria.</span></p>', 'Agencia inmobiliaria situada en Empuriabrava, la qual utiliza el paquete InmoLetnd que permite gestionar toda la web y todas las funciones que necesita una inmobiliaria.', '', '', '', '', ''),
	(19, 'cat', 'Els Claustres de Besalú', 'Antic convent Benedictí', '<p>Web informativa per la venda d&rsquo;un dels edificis m&eacute;s emblem&agrave;tics de la Vila de Besal&uacute;; els claustres del monestir datats de l&rsquo;any 1350.</p>\r\n<p>Aquesta web est&agrave; realitzada amb una combinaci&oacute; de <em>flash</em> i <em>html</em> per ressaltar la fotografia i imatges dels Claustres, per&ograve; sense perdre el posicionament en els buscadors que suposaria la web feta completament amb <em>flash.</em></p>\r\n', 'Web informativa per la venda d’un dels edificis més emblemàtics de la Vila de Besalú; els claustres del monestir datats de l’any 1350. Aquesta web està realitzada amb una combinació de flash i html per ressaltar la fotografia i imatges dels Claustres, però sense perdre el posicionament en els buscadors que suposaria la web feta completament amb flash.', '', '', '', '', ''),
	(19, 'spa', 'Els Claustres de Besalú', 'Antiguo convento Benedictino', '<p>Web informativa para la venta de uno de los edificios m&aacute;s emblem&aacute;ticos de la Vila de Besal&uacute;; los claustros del monasterio fechados en el a&ntilde;o 1350.</p>\r\n<p>Esta web est&aacute; realizada con una combinaci&oacute;n de <em>flash </em>i <em>html </em>para resaltar la fotograf&iacute;a e im&aacute;genes de los Claustros, pero sin perder el posicionamiento en los buscadores que supondr&iacute;a la web hecha enteramente en <em>flash.</em></p>', 'Web informativa para la venta de uno de los edificios más emblemáticos de la Vila de Besalú; los claustros del monasterio fechados en el año 1350. Esta web está realizada con una combinación de flash i html para resaltar la fotografía e imágenes de los Claustros, pero sin perder el posicionamiento en los buscadores que supondría la web hecha enteramente en flash.', '', '', '', '', ''),
	(20, 'cat', 'AMCTAIC', 'Pàgina institucional', '<p><span lang="CA">Maquetaci&oacute; de la web amb la tecnologia PHP, XHTML, CSS3 i Javascript.</span></p>\r\n<p><span lang="CA">El projecte ha estat realitzat i dirigit per l\'estudi Disseny Visual.</span></p>\r\n<p><span lang="CA">Codi font optimitzat per la millor indexaci&oacute; dels buscadors, utilitzant majoritariament capes ("divs") enlloc de les tradicionals taules html.</span></p>\r\n<p><span lang="CA">Web realitzada amb un gestor de continguts complert, on el client es pot editar els continguts de totes les p&agrave;gines a m&eacute;s de la gesti&oacute; d\'una agenda, activitats, f&ograve;rums, viatges, sortides, gesti&oacute; de premis i premiats...</span></p>', 'Maquetació de la web amb la tecnologia PHP, XHTML, CSS3 i Javascript. El projecte ha estat realitzat i dirigit per l\'estudi Disseny Visual. Codi font optimitzat per la millor indexació dels buscadors, utilitzant majoritariament capes ("divs") enlloc de les tradicionals taules html. Web realitzada amb un gestor de continguts complert, on el client es pot editar els continguts de totes les pàgines a més de la gestió d\'una agenda, activitats, fòrums, viatges, sortides, gestió de premis i premiats...', '', '', '', '', ''),
	(20, 'spa', 'AMCTAIC', 'Página institucional', '<p>Maquetaci&oacute;n de la web con tecnolog&iacute;a PHP, XHTML, CSS3 i Javascript.</p>\r\n<p>El proyecto ha sido realizado i dirigido por el estudio Disseny Visual.</p>\r\n<p>C&oacute;digo fuente optimizado para la mejor indexaci&oacute;n en los buscadores, utilizando al mayoritariamente capas ("divs") en lugar de las tradicionales tablas html.</p>\r\n<p>Web realizada con un gestor de contenidos completo, donde el cliente se puede editar los contenidos de todas las p&aacute;ginas adem&aacute;s de la gesti&oacute;n de una agenda, actividades, f&oacute;rums, viajes, salidas, gesti&oacute;n de premios i premiados...</p>', 'Maquetación de la web con tecnología PHP, XHTML, CSS3 i Javascript. El proyecto ha sido realizado i dirigido por el estudio Disseny Visual. Código fuente optimizado para la mejor indexación en los buscadores, utilizando al mayoritariamente capas ("divs") en lugar de las tradicionales tablas html. Web realizada con un gestor de contenidos completo, donde el cliente se puede editar los contenidos de todas las páginas además de la gestión de una agenda, actividades, fórums, viajes, salidas, gestión de premios i premiados...', '', '', '', '', ''),
	(21, 'cat', 'JEP', 'Jornades Europees del Patrimoni a Catalunya', '<p>Formulari avan&ccedil;at per l&rsquo; inscripci&oacute; a les jornades europees del patrimoni de Catalunya.</p>\r\n<p>Realitzat amb tecnologia PHP, Javascript i AJAX, que permet enviar les dades sense deixar mai la p&agrave;gina del formulari.</p>\r\n<p><span lang="CA">El projecte ha estat realitzat per l\'estudi <a href="http://www.dissenyvisual.net" target="_blank">Disseny Visual</a>.</span></p>', 'Formulari avançat per l’ inscripció a les jornades europees del patrimoni de Catalunya. Realitzat amb tecnologia PHP, Javascript i AJAX, que permet enviar les dades sense deixar mai la pàgina del formulari. El projecte ha estat realitzat per l\'estudi Disseny Visual.', '', '', '', '', ''),
	(21, 'spa', 'JEP', 'Jornades Europees del Patrimoni a Catalunya', '<p>Formulario avanzado para la inscripci&oacute;n a las jornadas europeas del patrimonio de Catalunya.</p>\r\n<p>Realizado con tecnolog&iacute;a PHP, Javascript y AJAX, que permite enviar los datos sin tener que dejar la p&aacute;gina del formulario.</p>\r\n<p>El proyecto ha sido realizado por el estudio <a href="http://www.dissenyvisual.net" target="_blank">Disseny Visual</a>.</p>', 'Formulario avanzado para la inscripción a las jornadas europeas del patrimonio de Catalunya. Realizado con tecnología PHP, Javascript y AJAX, que permite enviar los datos sin tener que dejar la página del formulario. El proyecto ha sido realizado por el estudio Disseny Visual.', '', '', '', '', ''),
	(22, 'cat', 'Regal Renova\'t', 'Regal de tractaments i PACKS per internet', '<p>Web on es permet fer regalar circuits, massatges, peelings, PACKS antiestr&eacute;s, tractaments de cames... una gran varietat de regals de SPA, est&egrave;tica i perruqueria.</p>\r\n<p>Un cop escollit el regal, es procedeix al pagament amb targeta i s\'envia una postal via email, generada amb PHP, al destinatari del regal.</p>\r\n<p><span lang="CA">El disseny ha estat realitzat per l\'estudi <a href="http://www.gali.cat" target="_blank">GAL&Iacute;_GR&Agrave;FICS</a>.</span></p>', 'Web on es permet fer regalar circuits, massatges, peelings, PACKS antiestrés, tractaments de cames... una gran varietat de regals de SPA, estètica i perruqueria. Un cop escollit el regal, es procedeix al pagament amb targeta i s\'envia una postal via email, generada amb PHP, al destinatari del regal. El disseny ha estat realitzat per l\'estudi GALÍ_GRÀFICS.', '', '', '', '', ''),
	(22, 'spa', 'Regal Renova\'t', 'Regalo de tratamientos y PACKS por internet', '<p>Web donde se permite regalar circuitos, masajes, peelings, PACKS antiestr&eacute;s, tratamientos de piernas... una gran variedad de regalos de SPA, est&eacute;tica y peluquer&iacute;a.</p>\r\n<p>Una vez escogido el regalo, se procede al pago con tarjeta y se env&iacute;a una postal v&iacute;a email, generada con PHP, al destinatario del regalo.</p>\r\n<p><span lang="CA">El dise&ntilde;o ha sido realizado por el estudio <a href="http://www.gali.cat" target="_blank">GAL&Iacute;_GR&Agrave;FICS</a>.</span></p>', 'Web donde se permite regalar circuitos, masajes, peelings, PACKS antiestrés, tratamientos de piernas... una gran variedad de regalos de SPA, estética y peluquería. Una vez escogido el regalo, se procede al pago con tarjeta y se envía una postal vía email, generada con PHP, al destinatario del regalo. El diseño ha sido realizado por el estudio GALÍ_GRÀFICS.', '', '', '', '', ''),
	(23, 'cat', 'Promotora 600\'ns', 'Senzillament comèdia', '<p>Programaci&oacute; per la gesti&oacute; de la p&agrave;gina web de l\'empresa de Girona Promotora 600\'ns.</p>\r\n<p>Realitzat amb tecnologia PHP, MySQL, Javascript i AJAX. La web compleix els est&agrave;ndards XHTML i CSS2.</p>', 'Programació per la gestió de la pàgina web de l\'empresa de Girona Promotora 600\'ns. Realitzat amb tecnologia PHP, MySQL, Javascript i AJAX. La web compleix els estàndards XHTML i CSS2.', '', '', '', '', ''),
	(23, 'spa', 'Promotora 600\'ns', 'Sencillamente comedia', '<p>Programaci&oacute;n para la gesti&oacute;n de la p&aacute;gina web de la empresa de Gerona Promotora 600\'ns.</p>\r\n<p>Realizado con tecnolog&iacute;a PHP, MySQL, Javascript y AJAX. La web cumple los est&aacute;ndares XHTML i CSS2.</p>\r\n', 'Programación para la gestión de la página web de la empresa de Gerona Promotora 600\'ns. Realizado con tecnología PHP, MySQL, Javascript y AJAX. La web cumple los estándares XHTML i CSS2.', '', '', '', '', ''),
	(24, 'cat', 'Interfren S.L.', 'Citroen Figueres', '<p>Programaci&oacute; web per el concessionari oficial de Citroen a Figueres.</p>\r\n<p>La web incorpora el potent gestor web Letnd, on el client pot modificar tots els apartats de la web.</p>\r\n<p>La p&agrave;gina web incorpora tecnologia PHP, MySaql, Javascript i ajax. Aix&iacute; mateix la web compleix els est&agrave;ndards XHTML i CSS2.</p>\r\n<p>Disseny gr&agrave;fic realitzat per Vanguartestudi</p>', 'Programació web per el concessionari oficial de Citroen a Figueres. La web incorpora el potent gestor web Letnd, on el client pot modificar tots els apartats de la web. La pàgina web incorpora tecnologia PHP, MySaql, Javascript i ajax. Així mateix la web compleix els estàndards XHTML i CSS2. Disseny gràfic realitzat per Vanguartestudi', '', '', '', '', ''),
	(24, 'spa', 'Interfren S.L.', 'Citroen Figueres', '<p>Programaci&oacute;n web para el concesionario oficial de Citroen en Figueras.</p>\r\n<p>La web incluye el potente gestor web Letnd, donde el cliente puede modificar todos los apartados de la web.</p>\r\n<p>La pagina web incluye tecnolog&iacute;a PHP, MySaql, Javascript y Ajax. As&iacute; mismo la web cumple con los est&aacute;ndares XHTML y CSS2.</p>\r\n<p>Dise&ntilde;o gr&aacute;fico realizado por Vanguartestudi.</p>', 'Programación web para el concesionario oficial de Citroen en Figueras. La web incluye el potente gestor web Letnd, donde el cliente puede modificar todos los apartados de la web. La pagina web incluye tecnología PHP, MySaql, Javascript y Ajax. Así mismo la web cumple con los estándares XHTML y CSS2. Diseño gráfico realizado por Vanguartestudi.', '', '', '', '', ''),
	(25, 'cat', 'Tecdeled S.L.', 'Pàgina corporativa', '<p>Programaci&oacute; web per l\'empresa Tecdeled s.l. especialitzada en la importaci&oacute;, selecci&oacute; i distribuci&oacute; de productes fabricats amb tecnologia Led.</p>\r\n<p>La web aprofita el gestor de continguts web &ldquo;Tiendaletnd&rdquo; per la gesti&oacute; de les diferents fam&iacute;lies i productes... aix&iacute; com altres apartats de la web.</p>', 'Programació web per l\'empresa Tecdeled s.l. especialitzada en la importació, selecció i distribució de productes fabricats amb tecnologia Led. La web aprofita el gestor de continguts web “Tiendaletnd” per la gestió de les diferents famílies i productes... així com altres apartats de la web.', '', '', '', '', ''),
	(25, 'spa', 'Tecdeled S.L.', 'Página corporativa', '<p>Programaci&oacute;n web para la empresa Tecdeled s.l. especializada en la importaci&oacute;n, selecci&oacute;n y distribuci&oacute;n de productos fabricados con tecnolog&iacute;a led.</p>\r\n<p>La web aprovecha el gestor de contenidos web &ldquo;tiendaletnd&rdquo; para la gesti&oacute;n de las diferentes familias, productos... as&iacute; como otros apartados de la web.</p>', 'Programación web para la empresa Tecdeled s.l. especializada en la importación, selección y distribución de productos fabricados con tecnología led. La web aprovecha el gestor de contenidos web “tiendaletnd” para la gestión de las diferentes familias, productos... así como otros apartados de la web.', '', '', '', '', ''),
	(26, 'cat', 'Sapli S.L.', 'Web corporativa de Sapli S.L.', '<p>Disseny i programaci&oacute; web per la empresa ubicada a Girona Sapli S.L.</p>\r\n<p>El disseny de la web intenta destacar de manera molt gr&agrave;fica els diferents camps de treball a que es dedica l&rsquo;empresa, i oferir al visitant el m&agrave;xim d&rsquo;informaci&oacute; possible amb el m&iacute;nim de clics.</p>\r\n<p>La web es completament auto-gestionable permetent a Sapli poder modificar qualsevol apartat sempre que vulguin.</p>', 'Disseny i programació web per la empresa ubicada a Girona Sapli S.L. El disseny de la web intenta destacar de manera molt gràfica els diferents camps de treball a que es dedica l’empresa, i oferir al visitant el màxim d’informació possible amb el mínim de clics. La web es completament auto-gestionable permetent a Sapli poder modificar qualsevol apartat sempre que vulguin.', '', '', '', '', ''),
	(26, 'spa', 'Sapli S.L.', 'Web corporativa de Sapli S.L.', '<p>Dise&ntilde;o y programaci&oacute;n web para la empresa situada en Girona Sapli S.L.</p>\r\n<p>El dise&ntilde;o de la web intenta destacar de forma muy gr&aacute;fica los diferentes campos de trabajo a que se dedica la empresa, y ofrecer al visitante el m&aacute;ximo de informaci&oacute;n posible con el m&iacute;nimo de clics.</p>\r\n<p>La web es completamente auto-gestionable permitiendo a Sapli poder modificar cualquier apartado de la web siempre que quieran.</p>', 'Diseño y programación web para la empresa situada en Girona Sapli S.L. El diseño de la web intenta destacar de forma muy gráfica los diferentes campos de trabajo a que se dedica la empresa, y ofrecer al visitante el máximo de información posible con el mínimo de clics. La web es completamente auto-gestionable permitiendo a Sapli poder modificar cualquier apartado de la web siempre que quieran.', '', '', '', '', ''),
	(27, 'cat', 'Tecnomix S.L.', 'Pàgina corporativa', '<p>Disseny i programaci&oacute; web de la web corporativa per la empresa Tecnomix S.L.</p>\r\n<p>Tecnomix S.L. ubicada a Vic est&agrave; especialitzada en la realitzaci&oacute; de projectes de mescles relacionades amb els sectors de tractament de residus, morters, formig&oacute;, alimentaci&oacute;...</p>\r\n<p>Amb el disseny web s&rsquo;ha intentat reflexar tan la modernitat de l&rsquo;empresa com els diferents camps a la que est&agrave; dedicada.</p>\r\n<p>La web incorpora un gestor de continguts on Tecnomix pot modificar diferents apartats de la web i actualitzar els apartats sempre que ho consideri necessari.</p>', 'Disseny i programació web de la web corporativa per la empresa Tecnomix S.L. Tecnomix S.L. ubicada a Vic està especialitzada en la realització de projectes de mescles relacionades amb els sectors de tractament de residus, morters, formigó, alimentació... Amb el disseny web s’ha intentat reflexar tan la modernitat de l’empresa com els diferents camps a la que està dedicada. La web incorpora un gestor de continguts on Tecnomix pot modificar diferents apartats de la web i actualitzar els apartats sempre que ho consideri necessari.', '', '', '', '', ''),
	(27, 'spa', 'Tecnomix S.L.', 'Página corporativa', '<p>Dise&ntilde;o y programaci&oacute;n web de la web corporativa para la empresa Tecnomix S.L.</p>\r\n<p>Tecnomix S.L. ubicada en Vic est&aacute; especializada en la realizaci&oacute;n de proyectos de mezcla relacionados para los sectores de tratamientos de residuos, morteros, hormig&oacute;n, alimentaci&oacute;n&hellip;</p>\r\n<p>Con el dise&ntilde;o web se intenta reflejar tanto la modernidad de la empresa como los diferentes sectores en que trabaja.</p>\r\n<p>La web incluye un gestor de contenidos donde Tecnomix puede modificar diferentes apartados de la web y actualizar los apartados siempre que lo considere necesario.</p>', 'Diseño y programación web de la web corporativa para la empresa Tecnomix S.L. Tecnomix S.L. ubicada en Vic está especializada en la realización de proyectos de mezcla relacionados para los sectores de tratamientos de residuos, morteros, hormigón, alimentación… Con el diseño web se intenta reflejar tanto la modernidad de la empresa como los diferentes sectores en que trabaja. La web incluye un gestor de contenidos donde Tecnomix puede modificar diferentes apartados de la web y actualizar los apartados siempre que lo considere necesario.', '', '', '', '', ''),
	(28, 'cat', 'CliNK', 'Pàgina institucional', '<p>Maquetaci&oacute; i programaci&oacute; de la p&agrave;gina web de CLink, un projecte de la facultat de ci&egrave;ncies de la universitat de Zaragoza.<br />Integraci&oacute; del motor de gestor de continguts web Letnd per la completa autogesti&oacute; de la web aix&iacute; com un sistema de cerca i un sistema RSS 2.0 per la redifusi&oacute; de la web.<br />El disseny visual i dels continguts han estat realitzats per la dissenyadora <a href="http://es.linkedin.com/in/evapolocampos">Eva Polo</a>.</p>', 'Maquetació i programació de la pàgina web de CLink, un projecte de la facultat de ciències de la universitat de Zaragoza.Integració del motor de gestor de continguts web Letnd per la completa autogestió de la web així com un sistema de cerca i un sistema RSS 2.0 per la redifusió de la web.El disseny visual i dels continguts han estat realitzats per la dissenyadora Eva Polo.', '', '', '', '', ''),
	(28, 'spa', 'CliNK', 'Página institucional', '<p>Maquetaci&oacute;n y programaci&oacute;n de la p&aacute;gina web de CLinK, un proyecto para la facultad de ciencias de la universidad de Zaragoza.<br />Integraci&oacute;n del motor de gestor de contenidos web Letnd para la completa autogesti&oacute;n de la web as&iacute; como un sistema de b&uacute;squeda y un sistema RSS 2.0 para la redifusi&oacute;n de la web.<br />El dise&ntilde;o visual y de los contenidos han sido realizados por la dise&ntilde;adora <a href="http://es.linkedin.com/in/evapolocampos">Eva Polo</a>.</p>', 'Maquetación y programación de la página web de CLinK, un proyecto para la facultad de ciencias de la universidad de Zaragoza.Integración del motor de gestor de contenidos web Letnd para la completa autogestión de la web así como un sistema de búsqueda y un sistema RSS 2.0 para la redifusión de la web.El diseño visual y de los contenidos han sido realizados por la diseñadora Eva Polo.', '', '', '', '', ''),
	(29, 'cat', 'Mancomunitat de la Vall del Llemena', 'Pàgina institucional', '<p>&nbsp;</p>\r\n<p>&nbsp;El projecte de la p&agrave;gina web de la Mancomunitat de municipis de la Vall del Ll&eacute;mena es caracteritza per ser un projecte amb nombrosos apartats autogestionables, donat l\'abast del projecte i la necessitat que el personal municipal pugui anar penjant i modificant els diferents esdeveniments i atractius tur&iacute;stics del municipi.</p>', '   El projecte de la pàgina web de la Mancomunitat de municipis de la Vall del Llémena es caracteritza per ser un projecte amb nombrosos apartats autogestionables, donat l\'abast del projecte i la necessitat que el personal municipal pugui anar penjant i modificant els diferents esdeveniments i atractius turístics del municipi.', '', '', '', '', ''),
	(29, 'spa', 'Mancomunidad de la Vall del Llemena', 'Página instucional', '<p>El proyecto de la p&aacute;gina web de la Mancomunidad de municipios del Valle del Ll&eacute;mena se caracteriza por ser un proyecto con numerosos apartados autogestionables, dado el alcance del proyecto y la necesidad de que el personal municipal pueda ir colgando y modificando los diferentes eventos y atractivos tur&iacute;sticos del municipio</p>', 'El proyecto de la página web de la Mancomunidad de municipios del Valle del Llémena se caracteriza por ser un proyecto con numerosos apartados autogestionables, dado el alcance del proyecto y la necesidad de que el personal municipal pueda ir colgando y modificando los diferentes eventos y atractivos turísticos del municipio', '', '', '', '', ''),
	(30, 'cat', 'balikupukupu.com', 'Botiga online - Tiendaletnd', '<p>Creaci&oacute; de la botiga on-line balikupukupu.com utilitzant el paquet Tiendaletnd.</p>\r\n<p>En aquest cas s&rsquo;ha utilitzat una de les plantilles creades per l&rsquo;equip de disseny web de Letnd abaratint aix&iacute; els costos de realitzaci&oacute; de la web.</p>', 'Creació de la botiga on-line balikupukupu.com utilitzant el paquet Tiendaletnd. En aquest cas s’ha utilitzat una de les plantilles creades per l’equip de disseny web de Letnd abaratint així els costos de realització de la web.', '', '', '', '', ''),
	(30, 'spa', 'balikupukupu.com', 'Tienda online - Tiendaletnd', '<p>Creaci&oacute;n de la tienda on-line balikupukupu.com utilizando el paquete Tiendaletnd.</p>\r\n<p>En este caso se ha utilizado una de las plantillas creadas por el equipo de dise&ntilde;o web de Letnd ahorrando as&iacute; costes en la realizaci&oacute;n de la web.</p>', 'Creación de la tienda on-line balikupukupu.com utilizando el paquete Tiendaletnd. En este caso se ha utilizado una de las plantillas creadas por el equipo de diseño web de Letnd ahorrando así costes en la realización de la web.', '', '', '', '', ''),
	(31, 'cat', 'Can Bayre', '', '<p>Programaci&oacute; de la web de la casa rural Can Bayre.</p>\r\n<p>El realitzat i dirigit per l&rsquo;estudi de Figueres Gali Gr&agrave;fics.</p>', 'Programació de la web de la casa rural Can Bayre. El realitzat i dirigit per l’estudi de Figueres Gali Gràfics.', '', '', '', '', ''),
	(31, 'spa', 'Can Bayre', '', '<p>Programaci&oacute;n de la web de la casa rural Can Bayre.</p>\r\n<p>Proyecto realizado y dirigido por el estudio de Figueras Gali Grafics.</p>', 'Programación de la web de la casa rural Can Bayre. Proyecto realizado y dirigido por el estudio de Figueras Gali Grafics.', '', '', '', '', ''),
	(32, 'cat', 'Fills Batlle S.A', 'Botiga online - Tiendaletnd', '<p>La nova web incorpora el motor Tiendaletnd, utilitzant principalment el gestor de ventes per clients distribu&iuml;dors.</p>\r\n<p>Aix&iacute; mateix la web est&agrave; ja preparada per la venta de productes on-line a clients particulars, aquesta caracter&iacute;stica es pot activar o desactivar sempre que Fills Batlle ho vulgui.</p>\r\n<p>En el disseny web s&rsquo;ha intentat mantenir la imatge corporativa amb la que des de fa anys es reconeix l&rsquo;empresa en el sector.</p>', 'La nova web incorpora el motor Tiendaletnd, utilitzant principalment el gestor de ventes per clients distribuïdors. Així mateix la web està ja preparada per la venta de productes on-line a clients particulars, aquesta característica es pot activar o desactivar sempre que Fills Batlle ho vulgui. En el disseny web s’ha intentat mantenir la imatge corporativa amb la que des de fa anys es reconeix l’empresa en el sector.', '', '', '', '', ''),
	(32, 'spa', 'Fills Batlle S.A', 'Tienda online - Tiendaletnd.', '<p>La nueva web incluye el motor de venda on-line Tiendaletnd, utilizanto mayorment el gestor de vendas para clientes distribuidores.</p>\r\n<p>As&iacute; mismo la web est&aacute; ya preparada para la venta de productos on-line a clientes particulares, esta caracter&iacute;stica la puede activar o desactivar siempre que quiera Fills Batlle.</p>\r\n<p>En el dise&ntilde;o web se ha intentado mantener la imagen corporativa con la es reconocida desde hace a&ntilde;os la empresa en el sector.</p>', 'La nueva web incluye el motor de venda on-line Tiendaletnd, utilizanto mayorment el gestor de vendas para clientes distribuidores. Así mismo la web está ya preparada para la venta de productos on-line a clientes particulares, esta característica la puede activar o desactivar siempre que quiera Fills Batlle. En el diseño web se ha intentado mantener la imagen corporativa con la es reconocida desde hace años la empresa en el sector.', '', '', '', '', ''),
	(33, 'cat', 'Moonbijoux', 'Un paquet Tiendaletnd.', '', '', '', '', '', '', ''),
	(33, 'spa', 'Moonbijoux', 'Un paquete Tiendaletnd.', '', '', '', '', '', '', ''),
	(34, 'cat', 'Aram Gavà', 'Pàgina corporativa', '<p>La p&agrave;gina web de la Fundaci&oacute; Aram per a les seves promocions a Gav&agrave; cedeixen tot el protagonisme a les imatges de les vivendes, en un disseny sim&egrave;tric al de les promocions en altres localitats com Besal&uacute;.</p>\r\n<p>El resultat &eacute;s una p&agrave;gina web austera, que destaca el producte i de f&agrave;cil navegaci&oacute; per a l\'usuari.&nbsp;</p>', 'La pàgina web de la Fundació Aram per a les seves promocions a Gavà cedeixen tot el protagonisme a les imatges de les vivendes, en un disseny simètric al de les promocions en altres localitats com Besalú. El resultat és una pàgina web austera, que destaca el producte i de fàcil navegació per a l\'usuari. ', '', '', '', '', ''),
	(34, 'spa', 'Aram Gavà', 'Página corporativa', '<p>La p&aacute;gina web de la Fundaci&oacute;n Aram para sus promociones en Gav&agrave; ceden todo el protagonismo a las im&aacute;genes de las viviendas, en un dise&ntilde;o sim&eacute;trico al de las promociones en otras localidades como Besal&uacute;.</p>\r\n<p>El resultado es una p&aacute;gina web austera, que destaca el producto y de f&aacute;cil navegaci&oacute;n para el usuario.</p>', 'La página web de la Fundación Aram para sus promociones en Gavà ceden todo el protagonismo a las imágenes de las viviendas, en un diseño simétrico al de las promociones en otras localidades como Besalú. El resultado es una página web austera, que destaca el producto y de fácil navegación para el usuario.', '', '', '', '', ''),
	(35, 'cat', 'Can Maholà', 'Pàgina corporativa', '<p>Projecte realitzat i dirigit per l&rsquo;estudi Disseny Visual.</p>\r\n<p>Letnd realitza la programaci&oacute; web de la casa rural Can-mahola.</p>', 'Projecte realitzat i dirigit per l’estudi Disseny Visual. Letnd realitza la programació web de la casa rural Can-mahola.', '', '', '', '', ''),
	(35, 'spa', 'Can Maholà', 'Página corporativa', '<p>Proyecto realizado y dirigido por el estudio Disseny Visual.</p>\r\n<p>Letnd realiza la programaci&oacute;n web de la casa rural Can-mahola.</p>', 'Proyecto realizado y dirigido por el estudio Disseny Visual. Letnd realiza la programación web de la casa rural Can-mahola.', '', '', '', '', ''),
	(36, 'cat', 'Clubmotoshop', 'Botiga on-line - Tiendaletnd', '<p>Programaci&oacute;, maquetaci&oacute; i implementaci&oacute; del paquet propi TiendaLetnd, a la coneguda botiga especialitzada en la venta de productes relacionats amb el motociclisme</p>\r\n<p>Projecte realitzat i dirigit per Sergi Ventura.</p>', 'Programació, maquetació i implementació del paquet propi TiendaLetnd, a la coneguda botiga especialitzada en la venta de productes relacionats amb el motociclisme Projecte realitzat i dirigit per Sergi Ventura.', '', '', '', '', ''),
	(36, 'spa', 'Clubmotoshop', 'Botiga on-line - Tiendaletnd', '<p>Programaci&oacute;n, maquetaci&oacute;n y implementaci&oacute;n del paquete propio TiendaLetnd, a la conocida tienda especializada en la venda de productos relacionados con el mundo del motociclismo.</p>\r\n<p>Proyecto realizado y dirigido por Sergi Ventura</p>', 'Programación, maquetación y implementación del paquete propio TiendaLetnd, a la conocida tienda especializada en la venda de productos relacionados con el mundo del motociclismo. Proyecto realizado y dirigido por Sergi Ventura', '', '', '', '', ''),
	(37, 'cat', 'Museu Molí Paperer de Capellades', 'Pàgina institucional', '<p>Letnd realitza la maquetaci&oacute; web i programaci&oacute; web de la p&agrave;gina del Museu Moli Paperer de Capellades. Com a ens cultural de primer ordre, es tracta d\'un projecte de gran complexitat en qu&egrave; l\'arquitectura de la informaci&oacute; &eacute;s essencial per tal de facilitar la navegaci&oacute; de l\'usuari, donat que a la p&agrave;gina s\'informa de l\'equipament en s&iacute; (edifici, preus, horaris, com arribar), per&ograve; tamb&eacute; dels diferents productes de la botiga, del centre de documentaci&oacute;, i altres m&uacute;ltiples serveis al ciutad&agrave;.</p>\r\n<p>Nombrosos apartats de la web s&oacute;n autogestionables, com ara els apartats corresponents a les exposicions i a les visites guiades.</p>\r\n<p>Aquest projecte ha estat realitzat i dirigit per l&rsquo;estudi Disseny Visual.</p>', 'Letnd realitza la maquetació web i programació web de la pàgina del Museu Moli Paperer de Capellades. Com a ens cultural de primer ordre, es tracta d\'un projecte de gran complexitat en què l\'arquitectura de la informació és essencial per tal de facilitar la navegació de l\'usuari, donat que a la pàgina s\'informa de l\'equipament en sí (edifici, preus, horaris, com arribar), però també dels diferents productes de la botiga, del centre de documentació, i altres múltiples serveis al ciutadà. Nombrosos apartats de la web són autogestionables, com ara els apartats corresponents a les exposicions i a les visites guiades. Aquest projecte ha estat realitzat i dirigit per l’estudi Disseny Visual.', '', '', '', '', ''),
	(37, 'spa', 'Museo Molí Paperer de Capellades', 'Página institucional', '<p>Letnd realiza la maquetaci&oacute;n web y programaci&oacute;n web de la p&aacute;gina del Museu Mol&iacute; Paperer de Capellades. Como ente cultural de primer orden, se trata de un proyecto de gran complejidad en los que la arquitectura de la informaci&oacute;n es esencial para facilitar la navegaci&oacute;n del usuario, dado que en la p&aacute;gina se informa del equipamiento en s&iacute; (edificio, precios, horarios, c&oacute;mo llegar), pero tambi&eacute;n de los diferentes productos de la tienda, del centro de documentaci&oacute;n, y otros m&uacute;ltiples servicios al ciudadano.</p>\r\n<p>Numerosos apartados de la web son autogestionables, como los apartados correspondientes a las exposiciones y las visitas guiadas.</p>\r\n<p>Este proyecto ha sido realizado y dirigido por el estudio Disseny Visual.</p>', 'Letnd realiza la maquetación web y programación web de la página del Museu Molí Paperer de Capellades. Como ente cultural de primer orden, se trata de un proyecto de gran complejidad en los que la arquitectura de la información es esencial para facilitar la navegación del usuario, dado que en la página se informa del equipamiento en sí (edificio, precios, horarios, cómo llegar), pero también de los diferentes productos de la tienda, del centro de documentación, y otros múltiples servicios al ciudadano. Numerosos apartados de la web son autogestionables, como los apartados correspondientes a las exposiciones y las visitas guiadas. Este proyecto ha sido realizado y dirigido por el estudio Disseny Visual.', '', '', '', '', ''),
	(38, 'cat', 'Josep Maria Colom', 'Pàgina personal', '<p>P&agrave;gina web corporativa del conegut pianista Josep M&ordf; Colom.</p>\r\n<p>La petita web es autogestinable i destaca per la navegaci&oacute; web en una sola p&agrave;gina utilitzant programaci&oacute; Javascript.</p>\r\n<p>Projecte realitzat i dirigit per l&rsquo;estudi Disseny Visual.</p>', 'Pàgina web corporativa del conegut pianista Josep Mª Colom. La petita web es autogestinable i destaca per la navegació web en una sola pàgina utilitzant programació Javascript. Projecte realitzat i dirigit per l’estudi Disseny Visual.', '', '', '', '', ''),
	(38, 'spa', 'Josep Maria Colom', 'Pàgina personal', '<p>P&aacute;gina web corporativa del conocido pianista Josep M&ordf; Colom.</p>\r\n<p>La peque&ntilde;a web es autogestionable y destaca por la navegaci&oacute;n web en una sola p&aacute;gina utilizando programaci&oacute;n Javascript.</p>\r\n<p>Proyecto realizado y dirigido por el estudio Disseny Visual.</p>', 'Página web corporativa del conocido pianista Josep Mª Colom. La pequeña web es autogestionable y destaca por la navegación web en una sola página utilizando programación Javascript. Proyecto realizado y dirigido por el estudio Disseny Visual.', '', '', '', '', ''),
	(39, 'cat', 'El racó de l\'àvia', 'Botiga online - Tiendaletnd', '<p>"El rac&oacute; de l\'&agrave;via" &eacute;s una botiga online basada en els productes artesanals tradicionals de Catalunya. Per reflectir aquest fet, el color i la textura del fons de pantalla transmet una imatge vintage per&ograve; agradable, que remet a la tradici&oacute;.</p>\r\n<p>Partint d\'aquesta base, la p&agrave;gina cedeix el protagonisme als productes destacats. Determinats elements, tals com la integraci&oacute; en xarxes socials i alguns b&agrave;nners, es comparteixen amb la botiga online La Cistella de l\'&Agrave;via, gestionada per la mateixa empresa.&nbsp;</p>\r\n<p>&nbsp;</p>', '"El racó de l\'àvia" és una botiga online basada en els productes artesanals tradicionals de Catalunya. Per reflectir aquest fet, el color i la textura del fons de pantalla transmet una imatge vintage però agradable, que remet a la tradició. Partint d\'aquesta base, la pàgina cedeix el protagonisme als productes destacats. Determinats elements, tals com la integració en xarxes socials i alguns bànners, es comparteixen amb la botiga online La Cistella de l\'Àvia, gestionada per la mateixa empresa.   ', '', '', '', '', ''),
	(39, 'spa', 'El racó de l\'àvia', 'Tienda online - Tiendaletnd', '<p>"El rac&oacute; de l\'&agrave;via" es una tienda online basada en los productos artesanales tradicionales de Catalu&ntilde;a. Para reflejar este hecho, el color y la textura del fondo de pantalla transmite una imagen vintage pero agradable, que remite a la tradici&oacute;n.</p>\r\n<p>Partiendo de esta base, la p&aacute;gina cede el protagonismo a los productos destacados. Determinados elementos, tales como la integraci&oacute;n en redes sociales y algunos banners, se comparten con la tienda online La cistella de l\'&agrave;via, gestionada por la misma empresa.</p>', '"El racó de l\'àvia" es una tienda online basada en los productos artesanales tradicionales de Cataluña. Para reflejar este hecho, el color y la textura del fondo de pantalla transmite una imagen vintage pero agradable, que remite a la tradición. Partiendo de esta base, la página cede el protagonismo a los productos destacados. Determinados elementos, tales como la integración en redes sociales y algunos banners, se comparten con la tienda online La cistella de l\'àvia, gestionada por la misma empresa.', '', '', '', '', ''),
	(40, 'cat', 'Giomoda', 'Botiga online - Tiendaletnd', '<p>Botiga virtual i web coorporativa per l\'empresa Giomoda dedicada a la Fabricaci&oacute; pr&ograve;pia de malles per gimn&agrave;stica r&iacute;tmica, art&iacute;stica, patinatge i nataci&oacute;.</p>\r\n<p>Un paquet Tiendaletnd</p>', 'Botiga virtual i web coorporativa per l\'empresa Giomoda dedicada a la Fabricació pròpia de malles per gimnàstica rítmica, artística, patinatge i natació. Un paquet Tiendaletnd', '', '', '', '', ''),
	(40, 'spa', 'Giomoda', 'Tienda virtual - Tiendaletnd', '<p>Tienda virtual y web corporativa para la empresa Giomoda dedicada a la frabricaci&oacute;n propia de mallas para gimn&aacute;sia art&iacute;stica, patinaje y nataci&oacute;n.</p>\r\n<p>Un paquete Tiendaletnd.</p>', 'Tienda virtual y web corporativa para la empresa Giomoda dedicada a la frabricación propia de mallas para gimnásia artística, patinaje y natación. Un paquete Tiendaletnd.', '', '', '', '', ''),
	(41, 'cat', 'TuAmigoenChiangmai', 'Pàgina Corporativa', '<p>TuAmigoenChiangmai &eacute;s una p&agrave;gina web corporativa de caire personal. En el seu disseny i en l\'elecci&oacute; de les imatges s\'ha procurat transmetre la m&agrave;gia pr&ograve;pia d\'orient instal&middot;lada en l\'imaginari col&middot;lectiu dels clients potencials de l\'empresa.</p>\r\n<p>&nbsp;</p>', 'TuAmigoenChiangmai és una pàgina web corporativa de caire personal. En el seu disseny i en l\'elecció de les imatges s\'ha procurat transmetre la màgia pròpia d\'orient instal·lada en l\'imaginari col·lectiu dels clients potencials de l\'empresa.  ', '', '', '', '', ''),
	(41, 'spa', 'TuAmigoenChiangmai', 'Página Corporativa', '<p>TuAmigoenChiangmai es una p&aacute;gina web corporativa de car&aacute;cter personal. En su dise&ntilde;o y en la elecci&oacute;n de las im&aacute;genes se ha procurado transmitir la magia propia de oriente instalada en el imaginario colectivo de los clientes potenciales de la empresa.</p>', 'TuAmigoenChiangmai es una página web corporativa de carácter personal. En su diseño y en la elección de las imágenes se ha procurado transmitir la magia propia de oriente instalada en el imaginario colectivo de los clientes potenciales de la empresa.', '', '', '', '', ''),
	(42, 'cat', 'MasQueTuSombra', 'Pàgina Corporativa', '<p>MasQueTuSombra &eacute;s una p&agrave;gina corporativa de car&agrave;cter personal dissenyada en base al contrast entre una imatge potent i atractiva en la part superior i la concentraci&oacute; del text informatiu en la part inferior de la p&agrave;gina.&nbsp;</p>', 'MasQueTuSombra és una pàgina corporativa de caràcter personal dissenyada en base al contrast entre una imatge potent i atractiva en la part superior i la concentració del text informatiu en la part inferior de la pàgina. ', '', '', '', '', ''),
	(42, 'spa', 'MasQueTuSombra', 'Página Corporativa', '<p>MasQueTuSombra es una p&aacute;gina corporativa de car&aacute;cter personal dise&ntilde;ada en base al contraste entre una imagen potente y atractiva en la parte superior y la concentraci&oacute;n del texto informativo en la parte inferior de la p&aacute;gina.</p>', 'MasQueTuSombra es una página corporativa de carácter personal diseñada en base al contraste entre una imagen potente y atractiva en la parte superior y la concentración del texto informativo en la parte inferior de la página.', '', '', '', '', ''),
	(43, 'cat', 'Emtec Girona', 'Pàgina corporativa', '<p>Web corporativa per l&rsquo;empresa Emtec de Girona.</p>\r\n<p>Projecte dirigit per l&rsquo;estudi tercersetena.</p>', 'Web corporativa per l’empresa Emtec de Girona. Projecte dirigit per l’estudi tercersetena.', '', '', '', '', ''),
	(43, 'spa', 'Emtec Girona', 'Página corporativa', '<p>Web corporativa para la empresa Emtec de Girona.</p>\r\n<p>Proyecto dirigito por el estudio tercersetena.</p>', 'Web corporativa para la empresa Emtec de Girona. Proyecto dirigito por el estudio tercersetena.', '', '', '', '', ''),
	(44, 'cat', 'Col·legi Oficial Agents Propietat Immobiliaria de Girona.', 'Pàgina corporativa', '<p>La p&agrave;gina web del Col&middot;legi API es tracta d\'un treball molt personalitzat, amb nombrosos apartats per facilitar el m&agrave;xim d\'informaci&oacute;. Tamb&eacute; disposa d\'una intranet per a tots els col&middot;legiats.</p>\r\n<p>A partir del programa Tiendaletnd, Letnd col&middot;labora de forma recorrent amb el Col&middot;legi API de Girona.</p>', 'La pàgina web del Col·legi API es tracta d\'un treball molt personalitzat, amb nombrosos apartats per facilitar el màxim d\'informació. També disposa d\'una intranet per a tots els col·legiats. A partir del programa Tiendaletnd, Letnd col·labora de forma recorrent amb el Col·legi API de Girona.', '', '', '', '', ''),
	(44, 'spa', 'Colegio Oficial Agentes Propiedad Inmobiliaria de Girona.', 'Página corporativa', '<p>La p&aacute;gina web del Colegio API se trata de un trabajo muy personalizado, con numerosos apartados para facilitar el m&aacute;ximo de informaci&oacute;n. Tambi&eacute;n dispone de una intranet para todos los colegiados.</p>\r\n<p>A partir del programa Tiendaletnd, Letnd colabora de forma recurrente con el Colegio API de Girona.</p>', 'La página web del Colegio API se trata de un trabajo muy personalizado, con numerosos apartados para facilitar el máximo de información. También dispone de una intranet para todos los colegiados. A partir del programa Tiendaletnd, Letnd colabora de forma recurrente con el Colegio API de Girona.', '', '', '', '', ''),
	(45, 'cat', 'Mas Ca la Flora', 'Disseny web coorporatiu allotjament turístic', '', '', '', '', '', '', ''),
	(45, 'spa', 'Mas Ca la Flora', 'Diseño web corporativo alojamiento turístico', '', '', '', '', '', '', ''),
	(46, 'cat', 'La Cistella de L\'àvia', 'Botiga online - Tiendaletnd', '<p>"La Cistella de l\'&Agrave;via" &eacute;s una botiga online basada en els productes agroalimentaris ecol&ograve;gics cultivats a Catalunya. Per reflectir aquest fet, la p&agrave;gina descansa sobre un fons amb una imatge de terra amb brots verds en creixement.</p>\r\n<p>A partir d\'aquesta imatge d\'identificaci&oacute;, la botiga comparteix nombrosos recursos de disseny i de relaci&oacute; amb els clients (com ara la vinculaci&oacute; amb xarxes socials) amb la botiga online "El Rac&oacute; de l\'&Agrave;via", gestionada per la mateixa empresa.</p>', '"La Cistella de l\'Àvia" és una botiga online basada en els productes agroalimentaris ecològics cultivats a Catalunya. Per reflectir aquest fet, la pàgina descansa sobre un fons amb una imatge de terra amb brots verds en creixement. A partir d\'aquesta imatge d\'identificació, la botiga comparteix nombrosos recursos de disseny i de relació amb els clients (com ara la vinculació amb xarxes socials) amb la botiga online "El Racó de l\'Àvia", gestionada per la mateixa empresa.', '', '', '', '', ''),
	(46, 'spa', 'La Cistella de L\'àvia', 'Tienda online - Tiendaletnd', '<p>"La Cistella de l\'&Agrave;via" es una tienda online basada en los productos agroalimentarios ecol&oacute;gicos cultivados en Catalu&ntilde;a. Para reflejar este hecho, la p&aacute;gina descansa sobre un fondo con una imagen de tierra con brotes verdes en crecimiento.</p>\r\n<p>A partir de esta imagen de identificaci&oacute;n, la tienda comparte numerosos recursos de dise&ntilde;o y de relaci&oacute;n con los clientes (tales como la vinculaci&oacute;n con redes sociales) con la tienda online "El Rac&oacute; de l\'&Agrave;via", gestionada por la misma empresa.&nbsp;</p>', '"La Cistella de l\'Àvia" es una tienda online basada en los productos agroalimentarios ecológicos cultivados en Cataluña. Para reflejar este hecho, la página descansa sobre un fondo con una imagen de tierra con brotes verdes en crecimiento. A partir de esta imagen de identificación, la tienda comparte numerosos recursos de diseño y de relación con los clientes (tales como la vinculación con redes sociales) con la tienda online "El Racó de l\'Àvia", gestionada por la misma empresa. ', '', '', '', '', ''),
	(47, 'cat', 'Centrecapilar Girona', 'Pàgina corporativa', '<p>P&agrave;gina web senzilla que busca facilitar el tracte entre l\'empresa i els seus clients i difondre tota la informaci&oacute; respecte als seus serveis.</p>\r\n<p>El disseny destaca per les seves imatges de grans dimensions i la seva combinaci&oacute; crom&agrave;tica innovadora.</p>', 'Pàgina web senzilla que busca facilitar el tracte entre l\'empresa i els seus clients i difondre tota la informació respecte als seus serveis. El disseny destaca per les seves imatges de grans dimensions i la seva combinació cromàtica innovadora.', '', '', '', '', ''),
	(47, 'spa', 'Centrecapilar Girona', 'Página corporativa', '<p>P&aacute;gina web sencilla que busca facilitar el trato entre la empresa y sus clientes y difundir toda la informaci&oacute;n respecto a sus servicios.</p>\r\n<p>El dise&ntilde;o destaca por sus im&aacute;genes de gran tama&ntilde;o y su combinaci&oacute;n crom&aacute;tica innovadora.</p>', 'Página web sencilla que busca facilitar el trato entre la empresa y sus clientes y difundir toda la información respecto a sus servicios. El diseño destaca por sus imágenes de gran tamaño y su combinación cromática innovadora.', '', '', '', '', ''),
	(48, 'cat', 'Mobles Grau S.A.', 'Pàgina corporativa', '<p>Es tracta d\'una p&agrave;gina molt complerta que incorpora el motor Tiendaletnd per mostrar la gran varietat de productes de l\'empresa i organitzar-los segons fam&iacute;lies i sectors. Aix&iacute; es facilita que l\'usuari pugui trobar els productes que m&eacute;s li puguin interessar.</p>\r\n<p>La gamma crom&agrave;tica busca transmetre seriositat i cedir el m&agrave;xim protagonisme a les fotografies dels productes i dels treballs singulars de l\'empresa.</p>', 'Es tracta d\'una pàgina molt complerta que incorpora el motor Tiendaletnd per mostrar la gran varietat de productes de l\'empresa i organitzar-los segons famílies i sectors. Així es facilita que l\'usuari pugui trobar els productes que més li puguin interessar. La gamma cromàtica busca transmetre seriositat i cedir el màxim protagonisme a les fotografies dels productes i dels treballs singulars de l\'empresa.', '', '', '', '', ''),
	(48, 'spa', 'Mobles Grau S.A.', 'Pàgina corporativa', '<p>Se trata de una p&aacute;gina muy completa que incorpora el motor Tiendaletnd para mostrar la gran variedad de productos de la empresa y organizarlos seg&uacute;n familias y sectores. As&iacute; se facilita que el usuario pueda encontrar los productos que m&aacute;s le puedan interesar.</p>\r\n<p>La gama crom&aacute;tica busca transmitir seriedad y ceder el m&aacute;ximo protagonismo a las fotograf&iacute;as de los productos y de los trabajos singulares de la empresa.</p>', 'Se trata de una página muy completa que incorpora el motor Tiendaletnd para mostrar la gran variedad de productos de la empresa y organizarlos según familias y sectores. Así se facilita que el usuario pueda encontrar los productos que más le puedan interesar. La gama cromática busca transmitir seriedad y ceder el máximo protagonismo a las fotografías de los productos y de los trabajos singulares de la empresa.', '', '', '', '', ''),
	(49, 'cat', 'Plagesport S.L.', 'Pàgina corporativa ', '<p>Amb el nou disseny web, es d&oacute;na una imatge d\'alta professionalitat i al mateix temps simp&agrave;tica i fresca com correspon al segment de poblaci&oacute; en qu&egrave; treballa Plagesport.</p>', 'Amb el nou disseny web, es dóna una imatge d\'alta professionalitat i al mateix temps simpàtica i fresca com correspon al segment de població en què treballa Plagesport.', '', '', '', '', ''),
	(49, 'spa', 'Plagesport S.L.', 'Página corporativa', '<p>Con el nuevo dise&ntilde;o web, se da una imagen de alta profesionalidad y al mismo tiempo simp&aacute;tica y fresca como corresponde al segmento de poblaci&oacute;n en la que trabaja Plagesport.</p>', 'Con el nuevo diseño web, se da una imagen de alta profesionalidad y al mismo tiempo simpática y fresca como corresponde al segmento de población en la que trabaja Plagesport.', '', '', '', '', ''),
	(50, 'cat', 'Agromercader S.L.', 'Botiga online - Tiendaletnd', '<p>Botiga online de productes per a animals. La p&agrave;gina busca organitzar correctament els productes segons tipus i segons marca donada la gran varietat de productes.</p>\r\n<p>El treball amb fotografies de qualitat pren especial rellev&agrave;ncia, i la gamma crom&agrave;tica escollida est&agrave; en concord&agrave;ncia amb el sector primari al qual es dirigeix el negoci.</p>', 'Botiga online de productes per a animals. La pàgina busca organitzar correctament els productes segons tipus i segons marca donada la gran varietat de productes. El treball amb fotografies de qualitat pren especial rellevància, i la gamma cromàtica escollida està en concordància amb el sector primari al qual es dirigeix el negoci.', '', '', '', '', ''),
	(50, 'spa', 'Agromercader S.L.', 'Tienda online - Tiendaletnd', '<p>Tienda online de productos para animales. La p&aacute;gina busca organizar correctamente los productos seg&uacute;n tipo y seg&uacute;n marca dada la gran variedad de productos.</p>\r\n<p>El trabajo con fotograf&iacute;as de calidad toma especial relevancia, y la gama crom&aacute;tica elegida est&aacute; en concordancia con el sector primario al que se dirige el negocio.</p>', 'Tienda online de productos para animales. La página busca organizar correctamente los productos según tipo y según marca dada la gran variedad de productos. El trabajo con fotografías de calidad toma especial relevancia, y la gama cromática elegida está en concordancia con el sector primario al que se dirige el negocio.', '', '', '', '', ''),
	(51, 'cat', 'Newgrass S.L.', 'Pàgina corporativa', '<p>Newgrass &eacute;s una empresa de fabricaci&oacute; i distribuci&oacute; de gespa artificial. La p&agrave;gina incorpora el paquet Tiendaletnd per&ograve; la p&agrave;gina externa no est&agrave; pensada com a botiga online perqu&egrave; la seva funci&oacute; &eacute;s actuar a nivell de la relaci&oacute; amb els distribuidors de l\'empresa.</p>\r\n<p>El disseny est&agrave; pensat per mostrar les diferents categories de producte i els seus usos potencials de manera r&agrave;pida i senzilla.</p>', 'Newgrass és una empresa de fabricació i distribució de gespa artificial. La pàgina incorpora el paquet Tiendaletnd però la pàgina externa no està pensada com a botiga online perquè la seva funció és actuar a nivell de la relació amb els distribuidors de l\'empresa. El disseny està pensat per mostrar les diferents categories de producte i els seus usos potencials de manera ràpida i senzilla.', '', '', '', '', ''),
	(51, 'spa', 'Newgrass S.L.', 'Página corporativa', '<p>Newgrass es una empresa de fabricaci&oacute;n y distribuci&oacute;n de c&eacute;sped artificial. La p&aacute;gina incorpora el paquete Tiendaletnd pero la p&aacute;gina externa no est&aacute; pensada como tienda online para su funci&oacute;n es actuar a nivel de la relaci&oacute;n con los distribuidores de la empresa.</p>\r\n<p>El dise&ntilde;o est&aacute; pensado para mostrar las diferentes categor&iacute;as de producto y sus usos potenciales de manera r&aacute;pida y sencilla.</p>', 'Newgrass es una empresa de fabricación y distribución de césped artificial. La página incorpora el paquete Tiendaletnd pero la página externa no está pensada como tienda online para su función es actuar a nivel de la relación con los distribuidores de la empresa. El diseño está pensado para mostrar las diferentes categorías de producto y sus usos potenciales de manera rápida y sencilla.', '', '', '', '', ''),
	(52, 'cat', 'Betonisart', 'Botiga online - Tiendaletnd', '<p>Betonisart &eacute;s una marca dedicada a la venda de mobiliari de disseny peces exclusives de decoraci&oacute;. La seva botiga online havia de servir tamb&eacute; com a p&agrave;gina difusora de l\'empresa, i per tant incorpora apartats informatius sobre l\'interiorisme o els seus col&middot;laboradors.</p>\r\n<p>La home est&agrave; dissenyada a nivell horitzontal amb una gamma de colors que combina els grisos que remeten a materials com el granit, el marbre o el ciment i amb les fotografies colorides dels diferents productes decoratius.</p>', 'Betonisart és una marca dedicada a la venda de mobiliari de disseny peces exclusives de decoració. La seva botiga online havia de servir també com a pàgina difusora de l\'empresa, i per tant incorpora apartats informatius sobre l\'interiorisme o els seus col·laboradors. La home està dissenyada a nivell horitzontal amb una gamma de colors que combina els grisos que remeten a materials com el granit, el marbre o el ciment i amb les fotografies colorides dels diferents productes decoratius.', '', '', '', '', ''),
	(52, 'spa', 'Betonisart', 'Tienda online - Tiendaletnd', '<p>Betonisart es una marca dedicada a la venta de mobiliario de dise&ntilde;o piezas exclusivas de decoraci&oacute;n. Su tienda online deb&iacute;a servir tambi&eacute;n como p&aacute;gina difusora de la empresa, y por tanto incorpora apartados informativos sobre el interiorismo o sus colaboradores.</p>\r\n<p>La hombre est&aacute; dise&ntilde;ada a nivel horizontal con una gama de colores que combina los grises que remiten a materiales como el granito, el m&aacute;rmol o el cemento y con las fotograf&iacute;as coloridas de los diferentes productos decorativos.</p>', 'Betonisart es una marca dedicada a la venta de mobiliario de diseño piezas exclusivas de decoración. Su tienda online debía servir también como página difusora de la empresa, y por tanto incorpora apartados informativos sobre el interiorismo o sus colaboradores. La hombre está diseñada a nivel horizontal con una gama de colores que combina los grises que remiten a materiales como el granito, el mármol o el cemento y con las fotografías coloridas de los diferentes productos decorativos.', '', '', '', '', ''),
	(53, 'cat', 'SeaSolutions S.L.', 'Pàgina corporativa', '<p>La p&agrave;gina corporativa de SeaSolutions incorpora diferents apartats per als diferents camps tecnol&ograve;gics en qu&egrave; opera l\'empresa. Es tracta d\'un disseny ordenat que expressa seguretat i fiabilitat.</p>', 'La pàgina corporativa de SeaSolutions incorpora diferents apartats per als diferents camps tecnològics en què opera l\'empresa. Es tracta d\'un disseny ordenat que expressa seguretat i fiabilitat.', '', '', '', '', ''),
	(53, 'spa', 'SeaSolutions S.L.', 'Página corporativa', '<p>La p&aacute;gina corporativa de SeaSolutions incorpora diferentes apartados para los diferentes campos tecnol&oacute;gicos en los que opera la empresa. Se trata de un dise&ntilde;o ordenado que expresa seguridad y fiabilidad.</p>', 'La página corporativa de SeaSolutions incorpora diferentes apartados para los diferentes campos tecnológicos en los que opera la empresa. Se trata de un diseño ordenado que expresa seguridad y fiabilidad.', '', '', '', '', ''),
	(54, 'cat', 'IVECO Figueres', 'Pàgina corporativa', '<p>El primer requeriment del client en el disseny de la p&agrave;gina web dels tallers IVECO Diesel Catalonia va ser que facilit&eacute;s la localitzaci&oacute; geogr&agrave;fica del taller i que estigu&eacute;s ben posicionada, per tal de que els camioners que hagin sofert un accident o avaria es pogu&eacute;ssin posar en contacte amb ells r&agrave;pidament.&nbsp;</p>\r\n<p>La p&agrave;gina tamb&eacute; explica els diferents serveis oferts pel taller. Les imatges, tipografia i gamma crom&agrave;tica remeten a la imatge mental d\'un taller mec&agrave;nic, amb l\'&uacute;s de colors foscos i negres, que, aix&iacute; mateix, permeten destacar els logos de les marques que poden rebre assist&egrave;ncia al taller, les associacions de les quals el taller forma part o les icones dels est&agrave;ndards internacionals de qualitat.</p>', 'El primer requeriment del client en el disseny de la pàgina web dels tallers IVECO Diesel Catalonia va ser que facilités la localització geogràfica del taller i que estigués ben posicionada, per tal de que els camioners que hagin sofert un accident o avaria es poguéssin posar en contacte amb ells ràpidament.  La pàgina també explica els diferents serveis oferts pel taller. Les imatges, tipografia i gamma cromàtica remeten a la imatge mental d\'un taller mecànic, amb l\'ús de colors foscos i negres, que, així mateix, permeten destacar els logos de les marques que poden rebre assistència al taller, les associacions de les quals el taller forma part o les icones dels estàndards internacionals de qualitat.', '', '', '', '', ''),
	(54, 'spa', 'IVECO Figueres', 'Página corporativa', '<p>El primer requerimiento del cliente en el dise&ntilde;o de la p&aacute;gina web de los talleres IVECO Diesel Catalonia fue que facilitara la localizaci&oacute;n geogr&aacute;fica del taller y que estuviera bien posicionada, para que los camioneros que hayan sufrido un accidente o aver&iacute;a se pudieran poner en contacto con ellos r&aacute;pidamente.</p>\r\n<p>La p&aacute;gina tambi&eacute;n explica los diferentes servicios ofrecidos por el taller. Las im&aacute;genes, tipograf&iacute;a y gama crom&aacute;tica remiten a la imagen mental de un taller mec&aacute;nico, con el uso de colores oscuros y negros, que, asimismo, permiten destacar los logos de las marcas que pueden recibir asistencia al taller, las asociaciones de las que el taller forma parte o iconos de los est&aacute;ndares internacionales de calidad.</p>', 'El primer requerimiento del cliente en el diseño de la página web de los talleres IVECO Diesel Catalonia fue que facilitara la localización geográfica del taller y que estuviera bien posicionada, para que los camioneros que hayan sufrido un accidente o avería se pudieran poner en contacto con ellos rápidamente. La página también explica los diferentes servicios ofrecidos por el taller. Las imágenes, tipografía y gama cromática remiten a la imagen mental de un taller mecánico, con el uso de colores oscuros y negros, que, asimismo, permiten destacar los logos de las marcas que pueden recibir asistencia al taller, las asociaciones de las que el taller forma parte o iconos de los estándares internacionales de calidad.', '', '', '', '', ''),
	(55, 'cat', 'Cosmètics Blueage', 'Botiga online - Tiendaletnd', '<p>Botiga online de productes de cosm&egrave;tica natural. El disseny busca una gran suavitat en els colors per reflexar el benestar que proporcionen els productes de la botiga.</p>', 'Botiga online de productes de cosmètica natural. El disseny busca una gran suavitat en els colors per reflexar el benestar que proporcionen els productes de la botiga.', '', '', '', '', ''),
	(55, 'spa', 'Cosméticos Blueage', 'Tienda online - Tiendaletnd', '<p>Tienda online de productos de cosm&eacute;tica natural. El dise&ntilde;o busca una gran suavidad en los colores para reflejar el bienestar que proporcionan los productos de la tienda.</p>', 'Tienda online de productos de cosmética natural. El diseño busca una gran suavidad en los colores para reflejar el bienestar que proporcionan los productos de la tienda.', '', '', '', '', ''),
	(56, 'cat', 'Aixequem Persianes (Ajuntament de Girona)', 'Pàgina institucional', '<p>A Letnd ens hem encarregat del disseny i la programaci&oacute; web del projecte "Aixequem persianes". Es tracta d\'un programa de revitalitzaci&oacute; del comer&ccedil; de barri engegat per l\'Ajuntament de Girona amb la col&middot;laboraci&oacute; del col&middot;legi API Girona, el col&middot;legi d\'administradors de finques de Girona i les associacions de comerciants del barri de Sant Narc&iacute;s.</p>\r\n<p>El disseny de la p&agrave;gina cerca un equilibri entre un joc de colors atractiu i una gran simplicitat per a l\'usuari, per tal de facilitar la cerca dels locals disponibles dins el programa.</p>', 'A Letnd ens hem encarregat del disseny i la programació web del projecte "Aixequem persianes". Es tracta d\'un programa de revitalització del comerç de barri engegat per l\'Ajuntament de Girona amb la col·laboració del col·legi API Girona, el col·legi d\'administradors de finques de Girona i les associacions de comerciants del barri de Sant Narcís. El disseny de la pàgina cerca un equilibri entre un joc de colors atractiu i una gran simplicitat per a l\'usuari, per tal de facilitar la cerca dels locals disponibles dins el programa.', '', '', '', '', ''),
	(56, 'spa', 'Aixequem Persianes (Ajuntament de Girona)', 'Página institucional', '<p>En Letnd nos hemos encargado del dise&ntilde;o y la programaci&oacute;n web del proyecto "Aixequem persianes". Se trata de un programa de revitalizaci&oacute;n del comercio de barrio puesto en marcha por el Ayuntamiento de Girona con la colaboraci&oacute;n del colegio API Girona, el colegio de administradores de fincas de Girona y las asociaciones de comerciantes del barrio de Sant Narc&iacute;s.</p>\r\n<p>El dise&ntilde;o de la p&aacute;gina busca un equilibrio entre un juego de colores atractivo y una gran simplicidad para el usuario, a fin de facilitar la b&uacute;squeda de los locales disponibles en el programa.</p>', 'En Letnd nos hemos encargado del diseño y la programación web del proyecto "Aixequem persianes". Se trata de un programa de revitalización del comercio de barrio puesto en marcha por el Ayuntamiento de Girona con la colaboración del colegio API Girona, el colegio de administradores de fincas de Girona y las asociaciones de comerciantes del barrio de Sant Narcís. El diseño de la página busca un equilibrio entre un juego de colores atractivo y una gran simplicidad para el usuario, a fin de facilitar la búsqueda de los locales disponibles en el programa.', '', '', '', '', ''),
	(57, 'cat', 'Atot', 'Pàgina corporativa', '<p>La p&agrave;gina web d\'Atot presenta uns fons clars que cedeixen tot el protagonisme a les imatges dels espectacles de la companyia. Aquesta claror nom&eacute;s es veu alterada per l\'&uacute;s dels colors ataronjats en les diferents icones i ribets de la p&agrave;gina, que hi aporten la nota de color.</p>\r\n<p>La p&agrave;gina web ha de publicitar els diferents espectacles i gira de la companyia Atot i el p&uacute;blic a qui van dirigits. &Eacute;s per aquet motiu que la p&agrave;gina requeria una programaci&oacute; espec&iacute;fica que permet&eacute;s introdu&iuml;r espectacles, campanyes, localitzacions, cursos formatius...</p>\r\n<p>En definitiva, es tracta d\'una p&agrave;gina web personalitzada i feta a mida que reflecteix les possibilitats de que es disposen quan es treballa amb codi propi i no amb les limitacions pr&ograve;pies del treball amb plantilles.</p>', 'La pàgina web d\'Atot presenta uns fons clars que cedeixen tot el protagonisme a les imatges dels espectacles de la companyia. Aquesta claror només es veu alterada per l\'ús dels colors ataronjats en les diferents icones i ribets de la pàgina, que hi aporten la nota de color. La pàgina web ha de publicitar els diferents espectacles i gira de la companyia Atot i el públic a qui van dirigits. És per aquet motiu que la pàgina requeria una programació específica que permetés introduïr espectacles, campanyes, localitzacions, cursos formatius... En definitiva, es tracta d\'una pàgina web personalitzada i feta a mida que reflecteix les possibilitats de que es disposen quan es treballa amb codi propi i no amb les limitacions pròpies del treball amb plantilles.', '', '', '', '', ''),
	(57, 'spa', 'Atot', 'Página corporativa', '<p>La p&aacute;gina web de Atot presenta unos fondos claros que ceden todo el protagonismo a las im&aacute;genes de los espect&aacute;culos de la compa&ntilde;&iacute;a. Esta luz s&oacute;lo se ve alterada por el uso de los colores anaranjados en los diferentes iconos y ribetes de la p&aacute;gina, que aportan la nota de color.</p>\r\n<p>La p&aacute;gina web debe publicitar los diferentes espect&aacute;culos y gira de la compa&ntilde;&iacute;a Atot y el p&uacute;blico al que van dirigidos. Es por este motivo que la p&aacute;gina requer&iacute;a una programaci&oacute;n espec&iacute;fica que permitiera introducir espect&aacute;culos, campa&ntilde;as, localizaciones, cursos formativos ...</p>\r\n<p>En definitiva, se trata de una p&aacute;gina web personalizada y hecha a medida que refleja las posibilidades de que se disponen cuando se trabaja con c&oacute;digo propio y no con las limitaciones propias del trabajo con plantillas.</p>', 'La página web de Atot presenta unos fondos claros que ceden todo el protagonismo a las imágenes de los espectáculos de la compañía. Esta luz sólo se ve alterada por el uso de los colores anaranjados en los diferentes iconos y ribetes de la página, que aportan la nota de color. La página web debe publicitar los diferentes espectáculos y gira de la compañía Atot y el público al que van dirigidos. Es por este motivo que la página requería una programación específica que permitiera introducir espectáculos, campañas, localizaciones, cursos formativos ... En definitiva, se trata de una página web personalizada y hecha a medida que refleja las posibilidades de que se disponen cuando se trabaja con código propio y no con las limitaciones propias del trabajo con plantillas.', '', '', '', '', ''),
	(58, 'cat', 'Empuriaimmo', 'Agència Immobiliària - Immoletnd', '<p>Letnd ha dissenyat i programat nombroses p&agrave;gines web per a immobili&agrave;ries a l\'&agrave;rea de Roses i Empuriabrava. La p&agrave;gina web d\'Empuriaimmo busca diferenciar-se i destaca els serveis que ofereix la immobili&agrave;ria per, en segon terme, ensenyar els immobles destacats. La p&agrave;gina tamb&eacute; utilitza una combinaci&oacute; de colors poc habitual com &eacute;s el de negre amb colors blau cel.&nbsp;</p>\r\n<p>El resultat &eacute;s una p&agrave;gina que mant&eacute; els elements propis d\'una immobili&agrave;ria (secci&oacute; d\'immobles destacats, presentaci&oacute; d\'empresa, presentaci&oacute; dels atractius de la zona, actualitat...) per&ograve; els presenta de forma innovadora, diferenciant-se aix&iacute; de la compet&egrave;ncia.&nbsp;</p>', 'Letnd ha dissenyat i programat nombroses pàgines web per a immobiliàries a l\'àrea de Roses i Empuriabrava. La pàgina web d\'Empuriaimmo busca diferenciar-se i destaca els serveis que ofereix la immobiliària per, en segon terme, ensenyar els immobles destacats. La pàgina també utilitza una combinació de colors poc habitual com és el de negre amb colors blau cel.  El resultat és una pàgina que manté els elements propis d\'una immobiliària (secció d\'immobles destacats, presentació d\'empresa, presentació dels atractius de la zona, actualitat...) però els presenta de forma innovadora, diferenciant-se així de la competència. ', '', '', '', '', ''),
	(58, 'spa', 'Empuriaimmo', 'Agencia Inmobiliaria - Immoletnd', '<p>Letnd ha dise&ntilde;ado y programado numerosas p&aacute;ginas web para inmobiliarias en el &aacute;rea de Roses y Empuriabrava. La p&aacute;gina web de Empuriaimmo busca diferenciarse y destaca los servicios que ofrece la inmobiliaria para, en segundo t&eacute;rmino, ense&ntilde;ar los inmuebles destacados. La p&aacute;gina tambi&eacute;n utiliza una combinaci&oacute;n de colores poco habitual como es el de negro con colores azul cielo.</p>\r\n<p>El resultado es una p&aacute;gina que mantiene los elementos propios de una inmobiliaria (secci&oacute;n de inmuebles destacados, presentaci&oacute;n de empresa, presentaci&oacute;n de los atractivos de la zona, actualidad ...) pero los presenta de forma innovadora, diferenci&aacute;ndose as&iacute; de la competencia.</p>', 'Letnd ha diseñado y programado numerosas páginas web para inmobiliarias en el área de Roses y Empuriabrava. La página web de Empuriaimmo busca diferenciarse y destaca los servicios que ofrece la inmobiliaria para, en segundo término, enseñar los inmuebles destacados. La página también utiliza una combinación de colores poco habitual como es el de negro con colores azul cielo. El resultado es una página que mantiene los elementos propios de una inmobiliaria (sección de inmuebles destacados, presentación de empresa, presentación de los atractivos de la zona, actualidad ...) pero los presenta de forma innovadora, diferenciándose así de la competencia.', '', '', '', '', ''),
	(59, 'cat', 'Sáhara Para Todos', 'Pàgina corporativa', '<p>En aquest projecte, era essencial un disseny atractiu per&ograve; senzill, que ced&iacute;s el m&agrave;xim protagonisme a les imatges i fotografies, de gran resoluci&oacute;, per tal de captar l\'inter&egrave;s dels clients potencials. Aix&iacute; mateix, donada l\'especialitzaci&oacute; de S&aacute;hara para todos en els circuits pel desert, la gamma crom&agrave;tica est&agrave; realitzada en tons ocres i marronoses que evoquen els paisatges del desert de Merzouga o Tagounite.</p>\r\n<p>Letnd no nom&eacute;s s\'ha fet c&agrave;rrec del disseny web per la ag&egrave;ncia de viatges, sin&oacute; tamb&eacute; de la preparaci&oacute; i gesti&oacute; de campanyes de Google Adwords i tamb&eacute; de posicionament natural SEO. &Eacute;s per aix&ograve; que s\'ha realitzat un informe inicial proposant un seguit de termes de cerca que s\'han acabat d\'acordar amb el client.</p>', 'En aquest projecte, era essencial un disseny atractiu però senzill, que cedís el màxim protagonisme a les imatges i fotografies, de gran resolució, per tal de captar l\'interès dels clients potencials. Així mateix, donada l\'especialització de Sáhara para todos en els circuits pel desert, la gamma cromàtica està realitzada en tons ocres i marronoses que evoquen els paisatges del desert de Merzouga o Tagounite. Letnd no només s\'ha fet càrrec del disseny web per la agència de viatges, sinó també de la preparació i gestió de campanyes de Google Adwords i també de posicionament natural SEO. És per això que s\'ha realitzat un informe inicial proposant un seguit de termes de cerca que s\'han acabat d\'acordar amb el client.', '', '', '', '', ''),
	(59, 'spa', 'Sáhara Para Todos', 'Página corporativa', '<p>En este proyecto , era esencial un dise&ntilde;o atractivo pero sencillo , que cediera el m&aacute;ximo protagonismo a las im&aacute;genes e fotograf&iacute;as, de gran resoluci&oacute;n , para captar el inter&eacute;s de los clientes potenciales . Asimismo, dada la especializaci&oacute;n de S&aacute;hara para todos en los circuitos por el desierto , la gama crom&aacute;tica est&aacute; realizada en tonos ocres y marrones que evocan los paisajes del desierto de Merzouga o Tagounite.</p>\r\n<p>Letnd no s&oacute;lo se ha hecho cargo del dise&ntilde;o web para la agencia de viajes , sino tambi&eacute;n de la preparaci&oacute;n y gesti&oacute;n de campa&ntilde;as de Google Adwords y tambi&eacute;n de posicionamiento natural SEO . Es por ello que se ha realizado un informe inicial proponiendo una serie de t&eacute;rminos de b&uacute;squeda que se han acabado de acordar con el cliente .</p>', 'En este proyecto , era esencial un diseño atractivo pero sencillo , que cediera el máximo protagonismo a las imágenes e fotografías, de gran resolución , para captar el interés de los clientes potenciales . Asimismo, dada la especialización de Sáhara para todos en los circuitos por el desierto , la gama cromática está realizada en tonos ocres y marrones que evocan los paisajes del desierto de Merzouga o Tagounite. Letnd no sólo se ha hecho cargo del diseño web para la agencia de viajes , sino también de la preparación y gestión de campañas de Google Adwords y también de posicionamiento natural SEO . Es por ello que se ha realizado un informe inicial proponiendo una serie de términos de búsqueda que se han acabado de acordar con el cliente .', '', '', '', '', ''),
	(60, 'cat', 'Fusteria Saubí', 'Pàgina corporativa', '<p>La p&agrave;gina web de la fusteria Saub&iacute; resulta un projecte que destaca per la seva simplicitat en l\'estructura. El disseny d&oacute;na la sensaci&oacute; de profunditat i relleu amb el fons de pantalla en fusta de bedoll, i aix&iacute; d&oacute;na la sensaci&oacute; que el cos central flota.&nbsp;</p>\r\n<p>La tipografia i la gamma crom&agrave;tica busquen combinar-se amb les imatges dels treballs en fusta i les icones per mantenir un estil sense estrid&egrave;ncies i amb continu&iuml;tat en tot moment.&nbsp;</p>', 'La pàgina web de la fusteria Saubí resulta un projecte que destaca per la seva simplicitat en l\'estructura. El disseny dóna la sensació de profunditat i relleu amb el fons de pantalla en fusta de bedoll, i així dóna la sensació que el cos central flota.  La tipografia i la gamma cromàtica busquen combinar-se amb les imatges dels treballs en fusta i les icones per mantenir un estil sense estridències i amb continuïtat en tot moment. ', '', '', '', '', ''),
	(60, 'spa', 'Fusteria Saubí', 'Página corporativa', '<p>La p&aacute;gina web de la carpinter&iacute;a Saub&iacute; resulta un proyecto que destaca por su simplicidad en la estructura. El dise&ntilde;o da la sensaci&oacute;n de profundidad y relieve con el fondo de pantalla en madera de abedul, y as&iacute; da la sensaci&oacute;n de que el cuerpo central flota.</p>\r\n<p>La tipograf&iacute;a y la gama crom&aacute;tica buscan combinarse con las im&aacute;genes de los trabajos en madera y los iconos para mantener un estilo sin estridencias y con continuidad en todo momento.</p>', 'La página web de la carpintería Saubí resulta un proyecto que destaca por su simplicidad en la estructura. El diseño da la sensación de profundidad y relieve con el fondo de pantalla en madera de abedul, y así da la sensación de que el cuerpo central flota. La tipografía y la gama cromática buscan combinarse con las imágenes de los trabajos en madera y los iconos para mantener un estilo sin estridencias y con continuidad en todo momento.', '', '', '', '', ''),
	(61, 'cat', 'Yes! Escala', 'Pàgina corporativa', '<p>P&agrave;gina corporativa de l\'escola d\'idiomes Yes! L\'Escala. El disseny busca una combinaci&oacute; de colors juvenil i atractiva. Es tracta d\'una p&agrave;gina amb molts apartats autogestionables. D\'aquesta manera, el client pot modificar, crear o eliminar apartats sencers de la p&agrave;gina sense necessitat de dependre del webmaster. Aix&iacute; aconseguim que la p&agrave;gina s\'adapti cont&iacute;nuament als canvis en l\'escola i la seva oferta.</p>\r\n<p>&nbsp;</p>', 'Pàgina corporativa de l\'escola d\'idiomes Yes! L\'Escala. El disseny busca una combinació de colors juvenil i atractiva. Es tracta d\'una pàgina amb molts apartats autogestionables. D\'aquesta manera, el client pot modificar, crear o eliminar apartats sencers de la pàgina sense necessitat de dependre del webmaster. Així aconseguim que la pàgina s\'adapti contínuament als canvis en l\'escola i la seva oferta.  ', '', '', '', '', ''),
	(61, 'spa', 'Yes! Escala', 'Página corporativa', '<p>P&aacute;gina corporativa de la escuela de idiomas Yes! La Escala. El dise&ntilde;o busca una combinaci&oacute;n de colores juvenil y atractiva. Se trata de una p&aacute;gina con muchos apartados autogestionables. De esta manera, el cliente puede modificar, crear o eliminar secciones enteras de la p&aacute;gina sin necesidad de depender del webmaster. As&iacute; conseguimos que la p&aacute;gina se adapte continuamente a los cambios en la escuela y su oferta.</p>', 'Página corporativa de la escuela de idiomas Yes! La Escala. El diseño busca una combinación de colores juvenil y atractiva. Se trata de una página con muchos apartados autogestionables. De esta manera, el cliente puede modificar, crear o eliminar secciones enteras de la página sin necesidad de depender del webmaster. Así conseguimos que la página se adapte continuamente a los cambios en la escuela y su oferta.', '', '', '', '', ''),
	(62, 'cat', 'Allotjament rural Can Genís', 'Pàgina corporativa', '<p>P&agrave;gina web corporativa per a l\'allotjament de turisme rural Can Gen&iacute;s, ubicat a Peralada, a l\'Alt Empord&agrave;. La p&agrave;gina busca una navegaci&oacute; senzilla i una arquitectura de la informaci&oacute; que en faciliti la navegaci&oacute;. El disseny remet a l\'autenticitat del m&oacute;n rural i a l\'antiguitat de la casa, del segle XVII.&nbsp;</p>', 'Pàgina web corporativa per a l\'allotjament de turisme rural Can Genís, ubicat a Peralada, a l\'Alt Empordà. La pàgina busca una navegació senzilla i una arquitectura de la informació que en faciliti la navegació. El disseny remet a l\'autenticitat del món rural i a l\'antiguitat de la casa, del segle XVII. ', '', '', '', '', ''),
	(62, 'spa', 'Alojamiento rural Can Genís', 'Página corporativa', '<p>P&aacute;gina web corporativa para el alojamiento de turismo rural Can Gen&iacute;s, ubicado en Peralada, en el Alt Empord&agrave;. La p&aacute;gina busca una navegaci&oacute;n sencilla y una arquitectura de la informaci&oacute;n que facilite la navegaci&oacute;n. El dise&ntilde;o remite a la autenticidad del mundo rural y la antig&uuml;edad de la casa, del siglo XVII.</p>', 'Página web corporativa para el alojamiento de turismo rural Can Genís, ubicado en Peralada, en el Alt Empordà. La página busca una navegación sencilla y una arquitectura de la información que facilite la navegación. El diseño remite a la autenticidad del mundo rural y la antigüedad de la casa, del siglo XVII.', '', '', '', '', ''),
	(63, 'cat', 'Brava Home Standing', 'Agència immobiliària - Immoletnd', '<p>El disseny de la immobili&agrave;ria Brava Home Standing busca combinar la simplicitat del blanc amb la idea de luxe associada als ocres foscos i daurats. La navegaci&oacute; a trav&eacute;s de les propietats, que circulen amb el moviment del ratol&iacute;, est&agrave; pensada per donar la sensaci&oacute; de moviment i dinamisme i resulta molt m&eacute;s atractiva que no a trav&eacute;s dels llistats m&eacute;s tradicionals.&nbsp;</p>', 'El disseny de la immobiliària Brava Home Standing busca combinar la simplicitat del blanc amb la idea de luxe associada als ocres foscos i daurats. La navegació a través de les propietats, que circulen amb el moviment del ratolí, està pensada per donar la sensació de moviment i dinamisme i resulta molt més atractiva que no a través dels llistats més tradicionals. ', '', '', '', 'calonge-costa-brava', ''),
	(63, 'spa', 'Brava Home Standing', 'Agencia inmobiliaria - Immoletnd', '<p>El dise&ntilde;o de la inmobiliaria Brava Home Standing busca combinar la simplicidad del blanco con la idea de lujo asociada a los ocres oscuros y dorados. La navegaci&oacute;n a trav&eacute;s de las propiedades, que circulan con el movimiento del rat&oacute;n, est&aacute; pensada para dar la sensaci&oacute;n de movimiento y dinamismo y resulta mucho m&aacute;s atractiva que no a trav&eacute;s de los listados m&aacute;s tradicionales.</p>', 'El diseño de la inmobiliaria Brava Home Standing busca combinar la simplicidad del blanco con la idea de lujo asociada a los ocres oscuros y dorados. La navegación a través de las propiedades, que circulan con el movimiento del ratón, está pensada para dar la sensación de movimiento y dinamismo y resulta mucho más atractiva que no a través de los listados más tradicionales.', '', '', '', 'calonge-costa-brava', ''),
	(64, 'cat', 'Restaurant Can Marc', 'Pàgina corporativa', '<p>El disseny de la p&agrave;gina corporativa del restaurant Can Marc segueix les tend&egrave;ncies m&eacute;s modernes en grafisme, jugant amb les transpar&egrave;ncies sobre unes imatges panor&agrave;miques que ressalten l\'entorn. La tipografia i el disseny de les icones marca un to informal i agradable que contrasta amb el negre intens del men&uacute; i del peu de p&agrave;gina.&nbsp;</p>\r\n<p>La p&agrave;gina incorpora un formulari per a reservar taula i detallades explicacions sobre el restaurant, la seva localitzaci&oacute; i els productes que ofereix. Aix&iacute; mateix, la p&agrave;gina disposa d\'una newsletter pr&ograve;pia i vinculaci&oacute; amb les xarxes socials per a una millor interacci&oacute; entre el restaurant i la seva clientela potencial.</p>', 'El disseny de la pàgina corporativa del restaurant Can Marc segueix les tendències més modernes en grafisme, jugant amb les transparències sobre unes imatges panoràmiques que ressalten l\'entorn. La tipografia i el disseny de les icones marca un to informal i agradable que contrasta amb el negre intens del menú i del peu de pàgina.  La pàgina incorpora un formulari per a reservar taula i detallades explicacions sobre el restaurant, la seva localització i els productes que ofereix. Així mateix, la pàgina disposa d\'una newsletter pròpia i vinculació amb les xarxes socials per a una millor interacció entre el restaurant i la seva clientela potencial.', '', '', '', '', ''),
	(64, 'spa', 'Restaurante Can Marc', 'Página corporativa', '<p>El dise&ntilde;o de la p&aacute;gina corporativa del restaurante Can Marc sigue las tendencias m&aacute;s modernas en grafismo, jugando con las transparencias sobre unas im&aacute;genes panor&aacute;micas que resaltan el entorno. La tipograf&iacute;a y el dise&ntilde;o de los iconos marca un tono informal y agradable que contrasta con el negro intenso del men&uacute; y del pie de p&aacute;gina.</p>\r\n<p>La p&aacute;gina incorpora un formulario para reservar mesa y detalladas explicaciones sobre el restaurante, su localizaci&oacute;n y los productos que ofrece. Asimismo, la p&aacute;gina dispone de una newsletter propia y vinculaci&oacute;n con las redes sociales para una mejor interacci&oacute;n entre el restaurante y su clientela potencial.</p>', 'El diseño de la página corporativa del restaurante Can Marc sigue las tendencias más modernas en grafismo, jugando con las transparencias sobre unas imágenes panorámicas que resaltan el entorno. La tipografía y el diseño de los iconos marca un tono informal y agradable que contrasta con el negro intenso del menú y del pie de página. La página incorpora un formulario para reservar mesa y detalladas explicaciones sobre el restaurante, su localización y los productos que ofrece. Asimismo, la página dispone de una newsletter propia y vinculación con las redes sociales para una mejor interacción entre el restaurante y su clientela potencial.', '', '', '', '', ''),
	(65, 'cat', 'Neteja i Llar', 'Pàgina corporativa', '<p>La p&agrave;gina corporativa de l\'empresa Neteja i Llar remet als serveis de tintoreria i a la idea d\'una empresa professional per&ograve; pr&ograve;xima a les necessitats del client. Aquest estil crom&agrave;tic sobri combina perfectament amb una estructura del text estable i sense estrid&egrave;ncies, i amb unes icones dissenyades per compensar aquesta sobrietat amb el seu atractiu.&nbsp;</p>', 'La pàgina corporativa de l\'empresa Neteja i Llar remet als serveis de tintoreria i a la idea d\'una empresa professional però pròxima a les necessitats del client. Aquest estil cromàtic sobri combina perfectament amb una estructura del text estable i sense estridències, i amb unes icones dissenyades per compensar aquesta sobrietat amb el seu atractiu. ', '', '', '', '', ''),
	(65, 'spa', 'Neteja i Llar', 'Página corporativa', '<p>La p&aacute;gina corporativa de la empresa Neteja i Llar remite a los servicios de tintorer&iacute;a y en la idea de una empresa profesional pero cercana a las necesidades del cliente. Este estilo crom&aacute;tico sobre combina perfectamente con una estructura del texto estable y sin estridencias, y con unos iconos dise&ntilde;adas para compensar esta sobriedad con su atractivo.</p>', 'La página corporativa de la empresa Neteja i Llar remite a los servicios de tintorería y en la idea de una empresa profesional pero cercana a las necesidades del cliente. Este estilo cromático sobre combina perfectamente con una estructura del texto estable y sin estridencias, y con unos iconos diseñadas para compensar esta sobriedad con su atractivo.', '', '', '', '', ''),
	(66, 'cat', 'Cardiogirona', 'Pàgina corporativa', '<p>&nbsp;</p>\r\n<p>La p&agrave;gina de Cardiogirona es basa en una gamma crom&agrave;tica i un disseny propi de l\'&agrave;mbit sanitari. Es segueix una estructura senzilla, que facilita la navegaci&oacute; per part de l\'usuari, amb l\'ofjectiu que hi hagi la major claredat i la p&agrave;gina transmeti serenor i confian&ccedil;a.</p>', '  La pàgina de Cardiogirona es basa en una gamma cromàtica i un disseny propi de l\'àmbit sanitari. Es segueix una estructura senzilla, que facilita la navegació per part de l\'usuari, amb l\'ofjectiu que hi hagi la major claredat i la pàgina transmeti serenor i confiança.', '', '', '', '', ''),
	(66, 'spa', 'Cardiogirona', 'Página corporativa', '<p>La p&aacute;gina de Cardiogirona se basa en una gama crom&aacute;tica y un dise&ntilde;o propio del &aacute;mbito sanitario. Se sigue una estructura sencilla, que facilita la navegaci&oacute;n por parte del usuario, con el ofjectiu que haya la mayor claridad y la p&aacute;gina transmita serenidad y confianza.</p>', 'La página de Cardiogirona se basa en una gama cromática y un diseño propio del ámbito sanitario. Se sigue una estructura sencilla, que facilita la navegación por parte del usuario, con el ofjectiu que haya la mayor claridad y la página transmita serenidad y confianza.', '', '', '', '', ''),
	(67, 'cat', 'Blunik Racing', 'Botiga online - Tiendaletnd', '<p>&nbsp;</p>\r\n<p>Exemple de botiga online d\'aparells per a la celebraci&oacute; de rallies automobil&iacute;stics. A m&eacute;s dels productes i les seves corresponents fitxes amb tota la informaci&oacute;, a la p&agrave;gina es pot trobar molta informaci&oacute; i audiovisuals sobre el m&oacute;n de les carreres i rallies. D\'aquesta manera, la p&agrave;gina es converteix en un punt de trobada per als amants d\'aquest esport i la p&agrave;gina disposa d\'un contingut de qualitat que contribueix a posicionar correctament la botiga.&nbsp;</p>', '  Exemple de botiga online d\'aparells per a la celebració de rallies automobilístics. A més dels productes i les seves corresponents fitxes amb tota la informació, a la pàgina es pot trobar molta informació i audiovisuals sobre el món de les carreres i rallies. D\'aquesta manera, la pàgina es converteix en un punt de trobada per als amants d\'aquest esport i la pàgina disposa d\'un contingut de qualitat que contribueix a posicionar correctament la botiga. ', '', '', '', '', ''),
	(67, 'spa', 'Blunik Racing', 'Tienda online - Tiendaletnd', '<p>&nbsp;</p>\r\n<p>Ejemplo de tienda online de aparatos para la celebraci&oacute;n de rallies automovil&iacute;sticos. Adem&aacute;s de los productos y sus correspondientes fichas con toda la informaci&oacute;n, en la p&aacute;gina se puede encontrar mucha informaci&oacute;n y audiovisuales sobre el mundo de las carreras y rallies. De esta manera, la p&aacute;gina se convierte en un punto de encuentro para los amantes de este deporte y la p&aacute;gina dispone de un contenido de calidad que contribuye a posicionar correctamente la tienda.</p>', '  Ejemplo de tienda online de aparatos para la celebración de rallies automovilísticos. Además de los productos y sus correspondientes fichas con toda la información, en la página se puede encontrar mucha información y audiovisuales sobre el mundo de las carreras y rallies. De esta manera, la página se convierte en un punto de encuentro para los amantes de este deporte y la página dispone de un contenido de calidad que contribuye a posicionar correctamente la tienda.', '', '', '', '', ''),
	(68, 'cat', 'Magnolia de Plata', 'Botiga online - Tiendaletnd', '<p>Per a la botiga online Magnolia de Plata, s\'ha seguit una combinaci&oacute; de colors basada en el porpre, que remeti a una idea de riquesa, luxe i benestar. A la p&agrave;gina principal hi ha un nombre elevat de productes destacats per poder reflectir l\'extraordin&agrave;ria varietat de productes disponibles per al client.</p>\r\n<p>&nbsp;A Letnd s&oacute;m molt conscients que l\'&egrave;xit d\'una botiga online dep&egrave;n en gran mesura de que estigui ben posicionada. &Eacute;s per aix&ograve; que s\'ha realitzat un treball intensiu per posicionar totes les fam&iacute;lies de producte.</p>', 'Per a la botiga online Magnolia de Plata, s\'ha seguit una combinació de colors basada en el porpre, que remeti a una idea de riquesa, luxe i benestar. A la pàgina principal hi ha un nombre elevat de productes destacats per poder reflectir l\'extraordinària varietat de productes disponibles per al client.  A Letnd sóm molt conscients que l\'èxit d\'una botiga online depèn en gran mesura de que estigui ben posicionada. És per això que s\'ha realitzat un treball intensiu per posicionar totes les famílies de producte.', '', '', '', '', ''),
	(68, 'spa', 'Magnolia de Plata', 'Tienda online - Tiendaletnd', '<p>Para la tienda online Magnolia de Plata, se ha seguido una combinaci&oacute;n de colores basada en el p&uacute;rpura, que remita a una idea de riqueza, lujo y bienestar. En la p&aacute;gina principal hay un n&uacute;mero elevado de productos destacados para poder reflejar la extraordinaria variedad de productos disponibles para el cliente.</p>\r\n<p>En Letnd somos muy conscientes de que el &eacute;xito de una tienda online depende en gran medida de que est&eacute; bien posicionada. Es por ello que se ha realizado un trabajo intensivo para posicionar todas las familias de producto.</p>', 'Para la tienda online Magnolia de Plata, se ha seguido una combinación de colores basada en el púrpura, que remita a una idea de riqueza, lujo y bienestar. En la página principal hay un número elevado de productos destacados para poder reflejar la extraordinaria variedad de productos disponibles para el cliente. En Letnd somos muy conscientes de que el éxito de una tienda online depende en gran medida de que esté bien posicionada. Es por ello que se ha realizado un trabajo intensivo para posicionar todas las familias de producto.', '', '', '', '', ''),
	(69, 'cat', 'Home Select International', 'Immobiliària - Immoletnd', '<p>Nova p&agrave;gina web de l\'ag&egrave;ncia immobili&agrave;ria Home Select International. Es tracta d\'una p&agrave;gina amb un disseny modern i estilitzat que prioritza la visibilitat dels immobles i la navegaci&oacute; a trav&eacute;s dels cercadors per paraules i per categories.</p>\r\n<p>&nbsp;La p&agrave;gina incorpora el gestor de continguts Immoletnd, en qu&egrave; s\'han realitzat nombroses actualitzacions en l\'apartat de clients a petici&oacute; de Home Select. Aix&iacute; doncs, la p&agrave;gina &eacute;s el punt central de la immobili&agrave;ria, tant per a la seva difusi&oacute; enfocada al client com a la seva gesti&oacute; a nivell intern.</p>', 'Nova pàgina web de l\'agència immobiliària Home Select International. Es tracta d\'una pàgina amb un disseny modern i estilitzat que prioritza la visibilitat dels immobles i la navegació a través dels cercadors per paraules i per categories.  La pàgina incorpora el gestor de continguts Immoletnd, en què s\'han realitzat nombroses actualitzacions en l\'apartat de clients a petició de Home Select. Així doncs, la pàgina és el punt central de la immobiliària, tant per a la seva difusió enfocada al client com a la seva gestió a nivell intern.', '', '', '', '', ''),
	(69, 'spa', 'Home Select International', 'Inmobiliaria - Immoletnd', '<p>Nueva p&aacute;gina web de la agencia inmobiliaria Home Select International. Se trata de una p&aacute;gina con un dise&ntilde;o moderno y estilizado que prioriza la visibilidad de los inmuebles y la navegaci&oacute;n a trav&eacute;s de los buscadores por palabras y por categor&iacute;as.</p>\r\n<p>La p&aacute;gina incorpora el gestor de contenidos Inmoletnd, en el que se han realizado numerosas actualizaciones en el apartado de clientes a petici&oacute;n de Home Select. As&iacute; pues, la p&aacute;gina es el punto central de la inmobiliaria, tanto para su difusi&oacute;n enfocada al cliente como a su gesti&oacute;n a nivel interno.</p>', 'Nueva página web de la agencia inmobiliaria Home Select International. Se trata de una página con un diseño moderno y estilizado que prioriza la visibilidad de los inmuebles y la navegación a través de los buscadores por palabras y por categorías. La página incorpora el gestor de contenidos Inmoletnd, en el que se han realizado numerosas actualizaciones en el apartado de clientes a petición de Home Select. Así pues, la página es el punto central de la inmobiliaria, tanto para su difusión enfocada al cliente como a su gestión a nivel interno.', '', '', '', '', ''),
	(70, 'cat', 'Vista Roses Mar', 'Agència Immobiliària - Immoletnd', '<p>El projecte segueix les pautes m&eacute;s modernes en p&agrave;gines per a immobili&agrave;ries, amb un disseny elegant i senzill, que utilitza profusament les formes rectangulars i cedeix el protagonisme als immobles ofertats. Tamb&eacute; utilitza m&ograve;duls com ara el d\'immobles visitats o de recomanaci&oacute; per tal de facilitar la navegabilitat als usuaris i clients potencials.</p>', 'El projecte segueix les pautes més modernes en pàgines per a immobiliàries, amb un disseny elegant i senzill, que utilitza profusament les formes rectangulars i cedeix el protagonisme als immobles ofertats. També utilitza mòduls com ara el d\'immobles visitats o de recomanació per tal de facilitar la navegabilitat als usuaris i clients potencials.', '', '', '', '', ''),
	(70, 'spa', 'Vista Roses Mar', 'Agencia Inmobiliaria - Immoletnd', '<p>El proyecto sigue las pautas m&aacute;s modernas en p&aacute;ginas para inmobiliarias, con un dise&ntilde;o elegante y sencillo, que utiliza profusamente las formas rectangulares y cede el protagonismo a los inmuebles ofertados. Tambi&eacute;n utiliza m&oacute;dulos como el de inmuebles visitados o de recomendaci&oacute;n para facilitar la navegabilidad a los usuarios y clientes potenciales.</p>', 'El proyecto sigue las pautas más modernas en páginas para inmobiliarias, con un diseño elegante y sencillo, que utiliza profusamente las formas rectangulares y cede el protagonismo a los inmuebles ofertados. También utiliza módulos como el de inmuebles visitados o de recomendación para facilitar la navegabilidad a los usuarios y clientes potenciales.', '', '', '', '', ''),
	(71, 'cat', 'Bufet PlanasCasas', 'Pàgina corporativa', '', '', '', '', '', '', ''),
	(71, 'spa', 'Bufete PlanasCasas', 'Página corporativa', '', '', '', '', '', '', ''),
	(72, 'cat', 'Un Món Millor', 'Botiga online - Tiendaletnd', '<p>Nova botiga online a Girona per a Un M&oacute;n Millor, dedicada a la venda de productes alimentaris ecol&ograve;gics per a persones amb intoler&agrave;ncies i al&egrave;rgies aliment&agrave;ries. La botiga incorpora un disseny c&agrave;lid i atractiu, molta informaci&oacute; sobre les diferents intoler&agrave;ncies i una programaci&oacute; espec&iacute;fica per tal que el client potencial pugui separar tamb&eacute; els productes adecuats o no per a ell.</p>', 'Nova botiga online a Girona per a Un Món Millor, dedicada a la venda de productes alimentaris ecològics per a persones amb intoleràncies i alèrgies alimentàries. La botiga incorpora un disseny càlid i atractiu, molta informació sobre les diferents intoleràncies i una programació específica per tal que el client potencial pugui separar també els productes adecuats o no per a ell.', '', '', '', '', ''),
	(72, 'spa', 'Un Món Millor', 'Tienda online - Tiendaletnd', '<p>Nueva tienda online en Girona para Un M&oacute;n Millor, dedicada a la venta de productos alimenticios ecol&oacute;gicos para personas con intolerancias y alergias alimentarias. La tienda incorpora un dise&ntilde;o c&aacute;lido y atractivo, mucha informaci&oacute;n sobre las diferentes intolerancias y una programaci&oacute;n espec&iacute;fica para que el cliente potencial pueda separar tambi&eacute;n los productos adecuados o no para &eacute;l.</p>', 'Nueva tienda online en Girona para Un Món Millor, dedicada a la venta de productos alimenticios ecológicos para personas con intolerancias y alergias alimentarias. La tienda incorpora un diseño cálido y atractivo, mucha información sobre las diferentes intolerancias y una programación específica para que el cliente potencial pueda separar también los productos adecuados o no para él.', '', '', '', '', ''),
	(73, 'cat', 'EnterCasa', 'Agència Immobiliària - Immoletnd', '<p>El disseny segueix unes l&iacute;nies molt estilitzades, amb una atrevida combinaci&oacute; de colors ataronjats i grisosos que d&oacute;nen dinamisme a la p&agrave;gina i emmarquen les imatges de les diferents propietats. La p&agrave;gina tamb&eacute; incorpora nombroses p&agrave;gines est&agrave;tiques, un filtratge de b&uacute;squeda, breadcrumb i altres elements per a que la informaci&oacute; que s\'ofereix sigui completa i amb una arquitectura de la informaci&oacute; intu&iuml;tiva i senzilla.</p>', 'El disseny segueix unes línies molt estilitzades, amb una atrevida combinació de colors ataronjats i grisosos que dónen dinamisme a la pàgina i emmarquen les imatges de les diferents propietats. La pàgina també incorpora nombroses pàgines estàtiques, un filtratge de búsqueda, breadcrumb i altres elements per a que la informació que s\'ofereix sigui completa i amb una arquitectura de la informació intuïtiva i senzilla.', '', '', '', '', ''),
	(73, 'spa', 'EnterCasa', 'Agencia Inmobiliaria - Immoletnd', '<p>El dise&ntilde;o sigue unas l&iacute;neas muy estilizadas, con una atrevida combinaci&oacute;n de colores anaranjados y gris&aacute;ceos que dan dinamismo a la p&aacute;gina y enmarcan las im&aacute;genes de las diferentes propiedades. La p&aacute;gina tambi&eacute;n incorpora numerosas p&aacute;ginas est&aacute;ticas, un filtrado de b&uacute;squeda, breadcrumb y otros elementos para que la informaci&oacute;n que se ofrece sea completa y con una arquitectura de la informaci&oacute;n intuitiva y sencilla.</p>', 'El diseño sigue unas líneas muy estilizadas, con una atrevida combinación de colores anaranjados y grisáceos que dan dinamismo a la página y enmarcan las imágenes de las diferentes propiedades. La página también incorpora numerosas páginas estáticas, un filtrado de búsqueda, breadcrumb y otros elementos para que la información que se ofrece sea completa y con una arquitectura de la información intuitiva y sencilla.', '', '', '', '', ''),
	(74, 'cat', 'Bures Profesional', 'Pàgina corporativa', '<p>La p&agrave;gina corporativa del grup empresarial Bur&eacute;s &eacute;s una extensa p&agrave;gina que incorpora el gestor de continguts Tiendaletnd, propi de les botigues online, per poder mostrar i gestionar tots els productes que ofereix el grup i els seus sectors d\'aplicaci&oacute;.&nbsp;</p>', 'La pàgina corporativa del grup empresarial Burés és una extensa pàgina que incorpora el gestor de continguts Tiendaletnd, propi de les botigues online, per poder mostrar i gestionar tots els productes que ofereix el grup i els seus sectors d\'aplicació. ', '', '', '', '', ''),
	(74, 'spa', 'Burés Profesional', 'Página corporativa', '', '', '', '', '', '', '');
/*!40000 ALTER TABLE `portfoli__portfoli_language` ENABLE KEYS */;


-- Volcando estructura para tabla bangolo.portfoli__portfoli_to_category
CREATE TABLE IF NOT EXISTS `portfoli__portfoli_to_category` (
  `portfoli_category_id` int(11) NOT NULL auto_increment,
  `portfoli_id` int(11) NOT NULL default '0',
  `category_id` int(11) NOT NULL default '0',
  PRIMARY KEY  (`portfoli_category_id`)
) ENGINE=MyISAM AUTO_INCREMENT=75 DEFAULT CHARSET=utf8 COLLATE=utf8_spanish2_ci;

-- Volcando datos para la tabla bangolo.portfoli__portfoli_to_category: 74 rows
/*!40000 ALTER TABLE `portfoli__portfoli_to_category` DISABLE KEYS */;
INSERT INTO `portfoli__portfoli_to_category` (`portfoli_category_id`, `portfoli_id`, `category_id`) VALUES
	(1, 1, 7),
	(2, 2, 2),
	(3, 3, 4),
	(4, 4, 5),
	(5, 5, 5),
	(6, 6, 5),
	(7, 7, 2),
	(8, 8, 5),
	(9, 9, 5),
	(10, 10, 2),
	(11, 11, 3),
	(12, 12, 5),
	(13, 13, 4),
	(14, 14, 5),
	(15, 15, 2),
	(16, 16, 5),
	(17, 17, 5),
	(18, 18, 2),
	(19, 19, 5),
	(20, 20, 2),
	(21, 21, 3),
	(22, 22, 4),
	(23, 23, 3),
	(24, 24, 2),
	(25, 25, 2),
	(26, 26, 7),
	(27, 27, 2),
	(28, 28, 2),
	(29, 29, 7),
	(30, 30, 2),
	(31, 31, 5),
	(32, 32, 2),
	(33, 33, 0),
	(34, 34, 4),
	(35, 35, 4),
	(36, 36, 4),
	(37, 37, 4),
	(38, 38, 2),
	(39, 39, 4),
	(40, 40, 4),
	(41, 41, 4),
	(42, 42, 4),
	(43, 43, 4),
	(44, 44, 7),
	(45, 45, 2),
	(46, 46, 4),
	(47, 47, 4),
	(48, 48, 7),
	(49, 49, 7),
	(50, 50, 7),
	(51, 51, 4),
	(52, 52, 7),
	(53, 53, 7),
	(54, 54, 4),
	(55, 55, 7),
	(56, 56, 7),
	(57, 57, 4),
	(58, 58, 4),
	(59, 59, 7),
	(60, 60, 4),
	(61, 61, 7),
	(62, 62, 7),
	(63, 63, 7),
	(64, 64, 7),
	(65, 65, 4),
	(66, 66, 4),
	(67, 67, 4),
	(68, 68, 4),
	(69, 69, 7),
	(70, 70, 7),
	(71, 71, 7),
	(72, 72, 7),
	(73, 73, 7),
	(74, 74, 7);
/*!40000 ALTER TABLE `portfoli__portfoli_to_category` ENABLE KEYS */;


-- Volcando estructura para tabla bangolo.portfoli__portfoli_to_page
CREATE TABLE IF NOT EXISTS `portfoli__portfoli_to_page` (
  `portfoli_page_id` int(11) NOT NULL auto_increment,
  `portfoli_id` int(11) NOT NULL default '0',
  `page_id` int(11) NOT NULL default '0',
  PRIMARY KEY  (`portfoli_page_id`)
) ENGINE=MyISAM DEFAULT CHARSET=utf8 COLLATE=utf8_spanish2_ci ROW_FORMAT=DYNAMIC;

-- Volcando datos para la tabla bangolo.portfoli__portfoli_to_page: 0 rows
/*!40000 ALTER TABLE `portfoli__portfoli_to_page` DISABLE KEYS */;
/*!40000 ALTER TABLE `portfoli__portfoli_to_page` ENABLE KEYS */;
/*!40101 SET SQL_MODE=IFNULL(@OLD_SQL_MODE, '') */;
/*!40014 SET FOREIGN_KEY_CHECKS=IF(@OLD_FOREIGN_KEY_CHECKS IS NULL, 1, @OLD_FOREIGN_KEY_CHECKS) */;
/*!40101 SET CHARACTER_SET_CLIENT=@OLD_CHARACTER_SET_CLIENT */;
